"Action","Date","Invoice No.","Customer name","Contact Number","Location","Payment Status","Payment Method","Total amount","Total paid","Sell Due","Sell Return Due","Shipping Status","Total Items","Added By","Sell note","Staff note","Shipping Details"
"ActionsToggle Dropdown ViewNew Sale Notification","09/24/2026 18:57","2026-51188","Melissa P Burgunia","09294329736","PC ALLEY STA.ROSA LAGUNA","Paid","Cash","Php 1,500.000","Php 1,500.000","Php 0.000","","","1.00","cashier sta.rosa","","",""
"ActionsToggle Dropdown ViewNew Sale Notification","09/24/2026 18:07","2026-51185","CHARRIZA MEA CAJOTE","09510110823","PC ALLEY STA.ROSA LAGUNA","Paid","Cash","Php 18,995.000","Php 18,995.000","Php 0.000","","","2.00","cashier sta.rosa","PCA004-09242026-007","",""
"ActionsToggle Dropdown ViewNew Sale Notification","09/24/2026 18:07","2026-51186","RAIN CEA","09463022953","PC ALLEY STA.ROSA LAGUNA","Paid","Cash","Php 110.000","Php 110.000","Php 0.000","","","2.00","cashier sta.rosa","","",""
"ActionsToggle Dropdown ViewNew Sale Notification","09/24/2026 16:35","2026-51184","JEFFERSON GARCIA","09770187583","PC ALLEY STA.ROSA LAGUNA","Paid","Cash","Php 450.000","Php 450.000","Php 0.000","","","1.00","cashier sta.rosa","","",""
"ActionsToggle Dropdown ViewNew Sale Notification","09/24/2026 15:46","2026-51165","Kap. Michael Ambata","09956547117","PC ALLEY STA.ROSA LAGUNA","Paid","Cash","Php 1,400.000","Php 1,400.000","Php 0.000","","","3.00","cashier sta.rosa","","",""
"ActionsToggle Dropdown ViewNew Sale Notification","09/24/2026 15:31","2026-51163","GLENN REVECHE","09927768093","PC ALLEY STA.ROSA LAGUNA","Paid","Cash","Php 450.000","Php 450.000","Php 0.000","","","1.00","cashier sta.rosa","","",""
"ActionsToggle Dropdown ViewNew Sale Notification","09/24/2026 13:00","2026-51173","FASTOCK WAREHOUSING INC.,","604-128-612-000","PC ALLEY STA.ROSA LAGUNA","Paid","Cash","Php 170,000.000","Php 170,000.000","Php 0.000","","","12.00","cashier sta.rosa","PCA004-09222026-003","",""
"ActionsToggle Dropdown ViewNew Sale Notification","09/24/2026 12:30","2026-51152","ASUNCION CATIPAY","09959733717","PC ALLEY STA.ROSA LAGUNA","Paid","Cash","Php 18,850.000","Php 18,850.000","Php 0.000","","","11.00","cashier sta.rosa","","",""
"ActionsToggle Dropdown ViewNew Sale Notification","09/24/2026 11:12","2026-51190","Melissa P Burgunia","09294329736","PC ALLEY STA.ROSA LAGUNA","Paid","Cash","Php 37,950.000","Php 37,950.000","Php 0.000","","","13.00","cashier sta.rosa","","",""
"ActionsToggle Dropdown ViewNew Sale Notification","09/24/2026 10:42","2026-51144","Kaila Soliman","0906-187-4745 / 0915-492-4630","PC ALLEY STA.ROSA LAGUNA","Paid","Cash","Php 4,700.000","Php 4,700.000","Php 0.000","","","2.00","cashier sta.rosa","","",""
"ActionsToggle Dropdown ViewNew Sale Notification","09/24/2026 10:29","2026-51145","Melissa P Burgunia","09294329736","PC ALLEY STA.ROSA LAGUNA","Paid","Cash","Php 8,550.000","Php 8,550.000","Php 0.000","","","4.00","cashier sta.rosa","","",""
"ActionsToggle Dropdown ViewNew Sale Notification","09/23/2026 18:08","2026-51135","JHAYRON TRISTAN DE CASTRO","09638781876","PC ALLEY STA.ROSA LAGUNA","Paid","Cash","Php 37,995.000","Php 37,995.000","Php 0.000","","","4.00","cashier sta.rosa","PCA004-09222026-004","",""
"ActionsToggle Dropdown ViewNew Sale Notification","09/23/2026 17:54","2026-51132","Josh Mar Jose","0991850722","PC ALLEY STA.ROSA LAGUNA","Paid","Cash","Php 6,200.000","Php 6,200.000","Php 0.000","","","1.00","cashier sta.rosa","","",""
"ActionsToggle Dropdown ViewNew Sale Notification","09/23/2026 17:04","2026-51128","VICTOR DUNE MAROLLANO","091990050821","PC ALLEY STA.ROSA LAGUNA","Paid","Cash","Php 450.000","Php 450.000","Php 0.000","","","1.00","cashier sta.rosa","","",""
"ActionsToggle Dropdown ViewNew Sale Notification","09/23/2026 16:37","2026-51126","Josh Mar Jose","0991850722","PC ALLEY STA.ROSA LAGUNA","Paid","Cash","Php 1,800.000","Php 1,800.000","Php 0.000","","","1.00","cashier sta.rosa","","",""
"ActionsToggle Dropdown ViewNew Sale Notification","09/23/2026 16:18","2026-51123","Ken Harvey Ternida","09709385712","PC ALLEY STA.ROSA LAGUNA","Paid","Cash","Php 22,139.850","Php 22,139.850","Php 0.000","","","2.00","cashier sta.rosa","PCA004-09232026-003","",""
"ActionsToggle Dropdown ViewNew Sale Notification","09/23/2026 15:52","2026-51120","VICTOR DUNE MAROLLANO","091990050821","PC ALLEY STA.ROSA LAGUNA","Paid","Cash","Php 1,650.000","Php 1,650.000","Php 0.000","","","1.00","cashier sta.rosa","","",""
"ActionsToggle Dropdown ViewNew Sale Notification","09/23/2026 15:48","2026-51129","VICTOR DUNE MAROLLANO","091990050821","PC ALLEY STA.ROSA LAGUNA","Paid","Cash","Php 27,804.850","Php 27,804.850","Php 0.000","","","3.00","cashier sta.rosa","","",""
"ActionsToggle Dropdown ViewNew Sale Notification","09/23/2026 15:30","2026-51112","TRACY BAUTISTA","09391965475","PC ALLEY STA.ROSA LAGUNA","Paid","Cash","Php 650.000","Php 650.000","Php 0.000","","","1.00","cashier sta.rosa","","",""
"ActionsToggle Dropdown ViewNew Sale Notification","09/23/2026 15:09","2026-51111","DANICA CANTERA","09189386513","PC ALLEY STA.ROSA LAGUNA","Paid","Cash","Php 300.000","Php 300.000","Php 0.000","","","1.00","cashier sta.rosa","","",""
"ActionsToggle Dropdown ViewNew Sale Notification","09/23/2026 14:51","2026-51102","CHRISTOPHER VELASCO","09690962271","PC ALLEY STA.ROSA LAGUNA","Paid","Cash","Php 300.000","Php 300.000","Php 0.000","","","2.00","cashier sta.rosa","","",""
"ActionsToggle Dropdown ViewNew Sale Notification","09/23/2026 14:47","2026-51105","GLOBAL MEDICAL CENTER OF LAGUNA INC.","09701378662","PC ALLEY STA.ROSA LAGUNA","Paid","Cash","Php 31,135.500","Php 31,135.500","Php 0.000","","","12.00","cashier sta.rosa","","",""
"ActionsToggle Dropdown ViewNew Sale Notification","09/23/2026 14:30","2026-51108","GLOBAL MEDICAL CENTER OF LAGUNA INC.","09701378662","PC ALLEY STA.ROSA LAGUNA","Paid","Cash","Php 124,542.000","Php 124,542.000","Php 0.000","","","12.00","cashier sta.rosa","","",""
"ActionsToggle Dropdown ViewNew Sale Notification","09/23/2026 13:03","2026-51091","ANGELA JOY RIVERA","09618592153","PC ALLEY STA.ROSA LAGUNA","Paid","Cash","Php 23,750.000","Php 23,750.000","Php 0.000","","","11.00","cashier sta.rosa","750 - GCASH","",""
"ActionsToggle Dropdown ViewNew Sale Notification","09/23/2026 12:34","2026-51088","RYAN TEMPLONUEVO","09915086750","PC ALLEY STA.ROSA LAGUNA","Paid","Cash","Php 1,300.000","Php 1,300.000","Php 0.000","","","1.00","cashier sta.rosa","","",""
"ActionsToggle Dropdown ViewNew Sale Notification","09/23/2026 11:46","2026-51093","RHE RHE","12345","PC ALLEY STA.ROSA LAGUNA","Paid","Cash","Php 27,309.000","Php 27,309.000","Php 0.000","","","7.00","cashier sta.rosa","","",""
"ActionsToggle Dropdown ViewNew Sale Notification","09/23/2026 11:08","2026-51131","Lovelee Makiling","09199428636","PC ALLEY STA.ROSA LAGUNA","Paid","Cash","Php 165,450.000","Php 165,450.000","Php 0.000","","","13.00","cashier sta.rosa","","",""
"ActionsToggle Dropdown ViewNew Sale Notification","09/23/2026 10:20","2026-51087","Jesus The Exalted Name School (JTEN),","09611050835","PC ALLEY STA.ROSA LAGUNA","Paid","Cash","Php 374,250.000","Php 374,250.000","Php 0.000","","","12.00","cashier sta.rosa","","",""
"ActionsToggle Dropdown ViewNew Sale Notification","09/22/2026 19:05","2026-51081","RHE RHE","12345","PC ALLEY STA.ROSA LAGUNA","Paid","Cash","Php 2,020.000","Php 2,020.000","Php 0.000","","","1.00","cashier sta.rosa","","",""
"ActionsToggle Dropdown ViewNew Sale Notification","09/22/2026 17:58","2026-51079","MATI ALMODOVAR","09326788980","PC ALLEY STA.ROSA LAGUNA","Paid","Cash","Php 6,200.000","Php 6,200.000","Php 0.000","","","1.00","cashier sta.rosa","","",""
"ActionsToggle Dropdown ViewNew Sale Notification","09/22/2026 17:56","2026-51072","Jasmine Lloren","0976-019-2448","PC ALLEY STA.ROSA LAGUNA","Paid","Cash","Php 750.000","Php 750.000","Php 0.000","","","1.00","cashier sta.rosa","","",""
"ActionsToggle Dropdown ViewNew Sale Notification","09/22/2026 17:29","2026-51065","RAILEYGH DE JESUS","09215329151","PC ALLEY STA.ROSA LAGUNA","Paid","Cash","Php 200.000","Php 200.000","Php 0.000","","","1.00","cashier sta.rosa","","",""
"ActionsToggle Dropdown ViewNew Sale Notification","09/22/2026 17:29","2026-51078","CZELSO REICH TRADING CORPORATION,","09175938223","PC ALLEY STA.ROSA LAGUNA","Paid","Cash","Php 35,000.000","Php 35,000.000","Php 0.000","","","12.00","cashier sta.rosa","","",""
"ActionsToggle Dropdown ViewNew Sale Notification","09/22/2026 10:07","2026-51041","BATODA - CORP.,","09501149220","PC ALLEY STA.ROSA LAGUNA","Paid","Cash","Php 31,995.000","Php 31,995.000","Php 0.000","","","4.00","cashier sta.rosa","","",""
"ActionsToggle Dropdown ViewNew Sale Notification","09/22/2026 10:07","2026-51070","Jayson Lijauco","09764534336","PC ALLEY STA.ROSA LAGUNA","Paid","Cash","Php 18,525.000","Php 18,525.000","Php 0.000","","","13.00","cashier sta.rosa","PCA004-09222026-001","",""
"ActionsToggle Dropdown ViewNew Sale Notification","09/21/2026 18:34","2026-51023","CHARLES KEVIN","09991767238","PC ALLEY STA.ROSA LAGUNA","Paid","Cash","Php 600.000","Php 600.000","Php 0.000","","","1.00","cashier sta.rosa","","",""
"ActionsToggle Dropdown ViewNew Sale Notification","09/21/2026 17:44","2026-51022","MATI ALMODOVAR","09326788980","PC ALLEY STA.ROSA LAGUNA","Paid","Cash","Php 250.000","Php 250.000","Php 0.000","","","1.00","cashier sta.rosa","","",""
"ActionsToggle Dropdown ViewNew Sale Notification","09/21/2026 17:27","2026-51019","HDEC - DONGAH JOINT VENTURE,","09532176829","PC ALLEY STA.ROSA LAGUNA","Paid","Cash","Php 350.000","Php 350.000","Php 0.000","","","1.00","cashier sta.rosa","","",""
"ActionsToggle Dropdown ViewNew Sale Notification","09/21/2026 15:59","2026-51010","JAMES PAUL C. POBLETE","09214201752","PC ALLEY STA.ROSA LAGUNA","Paid","Cash","Php 6,450.000","Php 6,450.000","Php 0.000","","","2.00","cashier sta.rosa","GASH","",""
"ActionsToggle Dropdown ViewNew Sale Notification","09/21/2026 14:58","2026-51001","MICHAEL DELA CRUZ","09953645284","PC ALLEY STA.ROSA LAGUNA","Paid","Cash","Php 1,900.000","Php 1,900.000","Php 0.000","","","2.00","cashier sta.rosa","","",""
"ActionsToggle Dropdown ViewNew Sale Notification","09/21/2026 14:13","2026-51013","ROMIE PEREGRIN","09629623162","PC ALLEY STA.ROSA LAGUNA","Paid","Cash","Php 31,750.000","Php 31,750.000","Php 0.000","","","15.00","cashier sta.rosa","PCA004-09212026-002","",""
"ActionsToggle Dropdown ViewNew Sale Notification","09/21/2026 14:10","2026-50995","JUANITO INSORIO","09511341010","PC ALLEY STA.ROSA LAGUNA","Paid","Cash","Php 150.000","Php 150.000","Php 0.000","","","2.00","cashier sta.rosa","","",""
"ActionsToggle Dropdown ViewNew Sale Notification","09/21/2026 11:39","2026-50988","ARNEL LICMUAN","09916458192","PC ALLEY STA.ROSA LAGUNA","Paid","Cash","Php 200.000","Php 200.000","Php 0.000","","","1.00","cashier sta.rosa","","",""
"ActionsToggle Dropdown ViewNew Sale Notification","09/21/2026 11:39","2026-50990","GILLYN MENDOZA","09270124758","PC ALLEY STA.ROSA LAGUNA","Paid","Cash","Php 900.000","Php 900.000","Php 0.000","","","1.00","cashier sta.rosa","","",""
"ActionsToggle Dropdown ViewNew Sale Notification","09/20/2026 18:52","2026-50976","CBAXPRESS TRAVEL AND TOUR,","09231295347","PC ALLEY STA.ROSA LAGUNA","Paid","Cash","Php 250.000","Php 250.000","Php 0.000","","","1.00","cashier sta.rosa","","",""
"ActionsToggle Dropdown ViewNew Sale Notification","09/20/2026 16:48","2026-50968","REINA CARITOS","09998699103","PC ALLEY STA.ROSA LAGUNA","Paid","Cash","Php 21,464.350","Php 21,464.350","Php 0.000","","","2.00","cashier sta.rosa","PCA003-092026-003","",""
"ActionsToggle Dropdown ViewNew Sale Notification","09/20/2026 16:35","2026-50952","POLLY MANE","09812779864","PC ALLEY STA.ROSA LAGUNA","Paid","Cash","Php 6,600.000","Php 6,600.000","Php 0.000","","","3.00","cashier sta.rosa","","",""
"ActionsToggle Dropdown ViewNew Sale Notification","09/20/2026 16:33","2026-50965","JAYLORD MANAOG","09159781539","PC ALLEY STA.ROSA LAGUNA","Paid","Cash","Php 28,950.000","Php 28,950.000","Php 0.000","","","15.00","cashier sta.rosa","","",""
"ActionsToggle Dropdown ViewNew Sale Notification","09/20/2026 16:20","2026-50949","JEROME MEDINA","09065023284","PC ALLEY STA.ROSA LAGUNA","Paid","Cash","Php 1,650.000","Php 1,650.000","Php 0.000","","","1.00","cashier sta.rosa","SALMON APPROVED","",""
"ActionsToggle Dropdown ViewNew Sale Notification","09/20/2026 16:19","2026-50951","EDUARDO MASARTE JR.","09679937475","PC ALLEY STA.ROSA LAGUNA","Paid","Cash","Php 26,995.000","Php 26,995.000","Php 0.000","","","4.00","cashier sta.rosa","SALMON APPROVED","",""
"ActionsToggle Dropdown ViewNew Sale Notification","09/20/2026 14:14","2026-50932","ANGEL BORBO","09294363752","PC ALLEY STA.ROSA LAGUNA","Paid","Cash","Php 1,200.000","Php 1,200.000","Php 0.000","","","1.00","cashier sta.rosa","","",""
"ActionsToggle Dropdown ViewNew Sale Notification","09/20/2026 14:14","2026-50943","CHRISTIAN RAMOS","09916040059","PC ALLEY STA.ROSA LAGUNA","Paid","Cash","Php 165.000","Php 165.000","Php 0.000","","","2.00","cashier sta.rosa","","",""
"ActionsToggle Dropdown ViewNew Sale Notification","09/20/2026 14:05","2026-50930","CESAR O. ADAWAG","09178275400","PC ALLEY STA.ROSA LAGUNA","Paid","Cash","Php 11,100.000","Php 11,100.000","Php 0.000","","","2.00","cashier sta.rosa","GCASH","",""
"ActionsToggle Dropdown ViewNew Sale Notification","09/20/2026 13:33","2026-50926","ALBERT DAVE DIZON","09087756896","PC ALLEY STA.ROSA LAGUNA","Paid","Cash","Php 450.000","Php 450.000","Php 0.000","","","1.00","cashier sta.rosa","","",""
"ActionsToggle Dropdown ViewNew Sale Notification","09/20/2026 09:35","2026-50918","ZAQUEO SUELLO","09976294269","PC ALLEY STA.ROSA LAGUNA","Paid","Cash","Php 3,500.000","Php 3,500.000","Php 0.000","","","2.00","cashier sta.rosa","","",""
"ActionsToggle Dropdown ViewNew Sale Notification","09/19/2026 16:59","2026-50885","KITAMOREW FERNANDEZ","09605129580","PC ALLEY STA.ROSA LAGUNA","Paid","Cash","Php 1,750.000","Php 1,750.000","Php 0.000","","","2.00","cashier sta.rosa","","",""
"ActionsToggle Dropdown ViewNew Sale Notification","09/19/2026 16:41","2026-50882","JHUN BURGOS","09281822846","PC ALLEY STA.ROSA LAGUNA","Paid","Cash","Php 16,274.000","Php 16,274.000","Php 0.000","","","2.00","cashier sta.rosa","","",""
"ActionsToggle Dropdown ViewNew Sale Notification","09/19/2026 14:56","2026-50870","BENEDICT JOSEPH ODTOJAN","09603147262","PC ALLEY STA.ROSA LAGUNA","Paid","Cash","Php 200.000","Php 200.000","Php 0.000","","","1.00","cashier sta.rosa","","",""
"ActionsToggle Dropdown ViewNew Sale Notification","09/19/2026 12:16","2026-50856","RAIN CEA","09463022953","PC ALLEY STA.ROSA LAGUNA","Paid","Cash","Php 110.000","Php 110.000","Php 0.000","","","2.00","cashier sta.rosa","","",""
"ActionsToggle Dropdown ViewNew Sale Notification","09/19/2026 11:50","2026-50855","FIDES CONSUMER GOODS TRADING,","09178710256","PC ALLEY STA.ROSA LAGUNA","Paid","Cash","Php 128,985.000","Php 128,985.000","Php 0.000","","","7.00","cashier sta.rosa","PCA004-09112026-008","",""
"ActionsToggle Dropdown ViewNew Sale Notification","09/19/2026 11:40","2026-50878","DIANA SULIGAN","09926143634 09922364855","PC ALLEY STA.ROSA LAGUNA","Paid","Cash","Php 43,700.000","Php 43,700.000","Php 0.000","","","16.00","cashier sta.rosa","","",""
"ActionsToggle Dropdown ViewNew Sale Notification","09/19/2026 10:30","2026-50851","CHRISTIAN DALE J PADILLA","09308806944","PC ALLEY STA.ROSA LAGUNA","Paid","Cash","Php 600.000","Php 600.000","Php 0.000","","","1.00","cashier sta.rosa","","",""
"ActionsToggle Dropdown ViewNew Sale Notification","09/18/2026 18:38","2026-50849","RAIN CEA","09463022953","PC ALLEY STA.ROSA LAGUNA","Paid","Cash","Php 580.000","Php 580.000","Php 0.000","","","2.00","cashier sta.rosa","","",""
"ActionsToggle Dropdown ViewNew Sale Notification","09/18/2026 18:16","2026-50838","ZYRA IRA","09494058728","PC ALLEY STA.ROSA LAGUNA","Paid","Cash","Php 250.000","Php 250.000","Php 0.000","","","1.00","cashier sta.rosa","","",""
"ActionsToggle Dropdown ViewNew Sale Notification","09/18/2026 16:42","2026-50831","CALUN EMANUEL P. SITJAR","09705819996","PC ALLEY STA.ROSA LAGUNA","Paid","Cash","Php 250.000","Php 250.000","Php 0.000","","","1.00","cashier sta.rosa","","",""
"ActionsToggle Dropdown ViewNew Sale Notification","09/18/2026 16:20","2026-50817","JHOBELYN BINAY","09925775584","PC ALLEY STA.ROSA LAGUNA","Paid","Cash","Php 150.000","Php 150.000","Php 0.000","","","1.00","cashier sta.rosa","","",""
"ActionsToggle Dropdown ViewNew Sale Notification","09/18/2026 15:57","2026-50811","JAYMAR BEDRIJO","09687150159","PC ALLEY STA.ROSA LAGUNA","Paid","Cash","Php 39,995.000","Php 39,995.000","Php 0.000","","","14.00","cashier sta.rosa","","",""
"ActionsToggle Dropdown ViewNew Sale Notification","09/18/2026 15:09","2026-50824","BRIGHTSERVE SOLUTIONS INC.,","09434386401","PC ALLEY STA.ROSA LAGUNA","Paid","Cash","Php 21,650.000","Php 21,650.000","Php 0.000","","","10.00","cashier sta.rosa","","",""
"ActionsToggle Dropdown ViewNew Sale Notification","09/18/2026 14:27","2026-50804","REYNALD ALMAYAN","09164237400","PC ALLEY STA.ROSA LAGUNA","Paid","Cash","Php 17,973.500","Php 17,973.500","Php 0.000","","","11.00","cashier sta.rosa","PCA004-09162026-005","",""
"ActionsToggle Dropdown ViewNew Sale Notification","09/18/2026 14:03","2026-50801","GVT ENTERPRISES INC.,","0917168361","PC ALLEY STA.ROSA LAGUNA","Paid","Cash","Php 19,821.430","Php 19,821.430","Php 0.000","","","1.00","cashier sta.rosa","","",""
"ActionsToggle Dropdown ViewNew Sale Notification","09/18/2026 13:16","2026-50793","ADRIAN BATITIS","09512369236","PC ALLEY STA.ROSA LAGUNA","Paid","Cash","Php 18,595.000","Php 18,595.000","Php 0.000","","","3.00","cashier sta.rosa","PCA004-09172026-007","",""
"ActionsToggle Dropdown ViewNew Sale Notification","09/18/2026 11:58","2026-50786","MARIA ANALYN FERMO","09955714512","PC ALLEY STA.ROSA LAGUNA","Paid","Cash","Php 350.000","Php 350.000","Php 0.000","","","1.00","cashier sta.rosa","","",""
"ActionsToggle Dropdown ViewNew Sale Notification","09/18/2026 10:27","2026-50782","EDWARD JEMUEL ALITAGTAG","0926581477","PC ALLEY STA.ROSA LAGUNA","Paid","Cash","Php 700.000","Php 700.000","Php 0.000","","","1.00","cashier sta.rosa","","",""
"ActionsToggle Dropdown ViewNew Sale Notification","09/17/2026 17:02","2026-50758","ANGIE MONZONILLO","09467070972","PC ALLEY STA.ROSA LAGUNA","Paid","Cash","Php 9,050.000","Php 9,050.000","Php 0.000","","","1.00","cashier sta.rosa","","",""
"ActionsToggle Dropdown ViewNew Sale Notification","09/17/2026 15:57","2026-50747","Holy Rosary College","09190712070","PC ALLEY STA.ROSA LAGUNA","Paid","Cash","Php 6,250.000","Php 6,250.000","Php 0.000","","","2.00","cashier sta.rosa","","",""
"ActionsToggle Dropdown ViewNew Sale Notification","09/17/2026 15:33","2026-50750","EVELYN BATITIS","09213602259","PC ALLEY STA.ROSA LAGUNA","Paid","Cash","Php 10,400.000","Php 10,400.000","Php 0.000","","","3.00","cashier sta.rosa","","",""
"ActionsToggle Dropdown ViewNew Sale Notification","09/17/2026 14:18","2026-50734","TYPICAL CONSTRUCTION & TRADING CORP.,","004-713-780-000","PC ALLEY STA.ROSA LAGUNA","Paid","Cash","Php 3,900.000","Php 3,900.000","Php 0.000","","","1.00","cashier sta.rosa","","",""
"ActionsToggle Dropdown ViewNew Sale Notification","09/17/2026 13:46","2026-50762","JOHN LANDER CARANZA","09120336556","PC ALLEY STA.ROSA LAGUNA","Paid","Cash","Php 30,294.850","Php 30,294.850","Php 0.000","","","14.00","cashier sta.rosa","","",""
"ActionsToggle Dropdown ViewNew Sale Notification","09/17/2026 11:03","2026-50770","EPZONE INDUSTRIAL ENTERPRISES INC.,","09152145581","PC ALLEY STA.ROSA LAGUNA","Paid","Cash","Php 18,281.360","Php 18,281.360","Php 0.000","","","6.00","cashier sta.rosa","","",""
"ActionsToggle Dropdown ViewNew Sale Notification","09/17/2026 10:24","2026-50727","BRYAN LIRIO","09764478221","PC ALLEY STA.ROSA LAGUNA","Paid","Cash","Php 1,700.000","Php 1,700.000","Php 0.000","","","1.00","cashier sta.rosa","","",""
"ActionsToggle Dropdown ViewNew Sale Notification","09/16/2026 18:14","2026-50711","EDWIN LOBINA","09178984652","PC ALLEY STA.ROSA LAGUNA","Paid","Cash","Php 3,600.000","Php 3,600.000","Php 0.000","","","1.00","cashier sta.rosa","","",""
"ActionsToggle Dropdown ViewNew Sale Notification","09/16/2026 17:56","2026-50712","RENE GROYON BERMUNDO","09514722724","PC ALLEY STA.ROSA LAGUNA","Paid","Cash","Php 2,800.000","Php 2,800.000","Php 0.000","","","2.00","cashier sta.rosa","","",""
"ActionsToggle Dropdown ViewNew Sale Notification","09/16/2026 16:49","2026-50708","CHARLES TYRON GIERE","09694353912","PC ALLEY STA.ROSA LAGUNA","Paid","Cash","Php 2,050.000","Php 2,050.000","Php 0.000","","","2.00","cashier sta.rosa","","",""
"ActionsToggle Dropdown ViewNew Sale Notification","09/16/2026 16:01","2026-50700","JESSICA ESPINOZA","09157808133","PC ALLEY STA.ROSA LAGUNA","Paid","Cash","Php 5,350.000","Php 5,350.000","Php 0.000","","","1.00","cashier sta.rosa","","",""
"ActionsToggle Dropdown ViewNew Sale Notification","09/16/2026 15:56","2026-50697","LEON ARCILLAS","09459738948","PC ALLEY STA.ROSA LAGUNA","Paid","Cash","Php 5,600.000","Php 5,600.000","Php 0.000","","","2.00","cashier sta.rosa","","",""
"ActionsToggle Dropdown ViewNew Sale Notification","09/16/2026 14:58","2026-50703","ANGELINE RAYNA","09107195145","PC ALLEY STA.ROSA LAGUNA","Paid","Cash","Php 15,850.000","Php 15,850.000","Php 0.000","","","12.00","cashier sta.rosa","","",""
"ActionsToggle Dropdown ViewNew Sale Notification","09/16/2026 13:01","2026-50687","CLINICA DE SANTA APOLONIA OPC,","09456432615","PC ALLEY STA.ROSA LAGUNA","Paid","Cash","Php 40,314.400","Php 40,314.400","Php 0.000","","","9.00","cashier sta.rosa","PCA003-09162026-003","",""
"ActionsToggle Dropdown ViewNew Sale Notification","09/16/2026 12:04","2026-50676","MIKKO RODRIGUEZ","09297997496","PC ALLEY STA.ROSA LAGUNA","Paid","Cash","Php 4,100.000","Php 4,100.000","Php 0.000","","","1.00","cashier sta.rosa","","",""
"ActionsToggle Dropdown ViewNew Sale Notification","09/16/2026 11:58","2026-50675","PILLOPRINTS,","09355360229","PC ALLEY STA.ROSA LAGUNA","Paid","Cash","Php 950.000","Php 950.000","Php 0.000","","","1.00","cashier sta.rosa","","",""
"ActionsToggle Dropdown ViewNew Sale Notification","09/16/2026 10:54","2026-50672","GIAN MAGNANAO","09496592664","PC ALLEY STA.ROSA LAGUNA","Paid","Cash","Php 1,184.500","Php 1,184.500","Php 0.000","","","1.00","cashier sta.rosa","","",""
"ActionsToggle Dropdown ViewNew Sale Notification","09/15/2026 19:21","2026-50669","MARK ROGERS FELARCA","09941480531","PC ALLEY STA.ROSA LAGUNA","Paid","Cash","Php 29,995.000","Php 29,995.000","Php 0.000","","","14.00","cashier sta.rosa","PCA004-09152026-003","",""
"ActionsToggle Dropdown ViewNew Sale Notification","09/15/2026 18:32","2026-50670","RHE RHE","12345","PC ALLEY STA.ROSA LAGUNA","Paid","Cash","Php 10,000.000","Php 10,000.000","Php 0.000","","","3.00","cashier sta.rosa","","",""
"ActionsToggle Dropdown ViewNew Sale Notification","09/15/2026 17:05","2026-50651","Neil Gamir","09563578250","PC ALLEY STA.ROSA LAGUNA","Paid","Cash","Php 250.000","Php 250.000","Php 0.000","","","1.00","cashier sta.rosa","","",""
"ActionsToggle Dropdown ViewNew Sale Notification","09/15/2026 14:27","2026-50627","BRYAN LIRIO","321","PC ALLEY STA.ROSA LAGUNA","Paid","Cash","Php 1,550.000","Php 1,550.000","Php 0.000","","","1.00","cashier sta.rosa","","",""
"ActionsToggle Dropdown ViewNew Sale Notification","09/15/2026 13:34","2026-50624","MICHAEL DELA CRUZ","09953645284","PC ALLEY STA.ROSA LAGUNA","Paid","Cash","Php 300.000","Php 300.000","Php 0.000","","","1.00","cashier sta.rosa","","",""
"ActionsToggle Dropdown ViewNew Sale Notification","09/15/2026 12:01","2026-50615","RONALD ALDRIN LIANGCO","09565135905","PC ALLEY STA.ROSA LAGUNA","Paid","Cash","Php 300.000","Php 300.000","Php 0.000","","","1.00","cashier sta.rosa","","",""
"ActionsToggle Dropdown ViewNew Sale Notification","09/15/2026 12:01","2026-50621","JEMUEL VELARDE","09935269305","PC ALLEY STA.ROSA LAGUNA","Paid","Cash","Php 550.000","Php 550.000","Php 0.000","","","1.00","cashier sta.rosa","","",""
"ActionsToggle Dropdown ViewNew Sale Notification","09/15/2026 11:15","2026-50614","jhay cy elago","09269357616","PC ALLEY STA.ROSA LAGUNA","Paid","Cash","Php 51,550.000","Php 51,550.000","Php 0.000","","","14.00","cashier sta.rosa","","",""
"ActionsToggle Dropdown ViewNew Sale Notification","09/14/2026 19:27","2026-50610","BENZ RIOGANES","09123884190","PC ALLEY STA.ROSA LAGUNA","Paid","Cash","Php 400.000","Php 400.000","Php 0.000","","","1.00","cashier sta.rosa","","",""
"ActionsToggle Dropdown ViewNew Sale Notification","09/14/2026 18:33","2026-50606","BRYAN LIRIO","321","PC ALLEY STA.ROSA LAGUNA","Paid","Cash","Php 3,100.000","Php 3,100.000","Php 0.000","","","2.00","cashier sta.rosa","","",""
"ActionsToggle Dropdown ViewNew Sale Notification","09/14/2026 18:25","2026-50599","MICHAEL DELA CRUZ","09953645284","PC ALLEY STA.ROSA LAGUNA","Paid","Cash","Php 450.000","Php 450.000","Php 0.000","","","1.00","cashier sta.rosa","","",""
"ActionsToggle Dropdown ViewNew Sale Notification","09/14/2026 18:16","2026-50595","RAIN CEA","09463022953","PC ALLEY STA.ROSA LAGUNA","Paid","Cash","Php 4,950.000","Php 4,950.000","Php 0.000","","","1.00","cashier sta.rosa","","",""
"ActionsToggle Dropdown ViewNew Sale Notification","09/14/2026 18:16","2026-50596","RAIN CEA","09463022953","PC ALLEY STA.ROSA LAGUNA","Paid","Cash","Php 0.000","Php 0.000","Php 0.000","","","1.00","cashier sta.rosa","","",""
"ActionsToggle Dropdown ViewNew Sale Notification","09/14/2026 17:33","2026-50608","BENZ RIOGANES","09123884190","PC ALLEY STA.ROSA LAGUNA","Paid","Cash","Php 62,800.000","Php 62,800.000","Php 0.000","","","12.00","cashier sta.rosa","","",""
"ActionsToggle Dropdown ViewNew Sale Notification","09/14/2026 17:03","2026-50578","JEFFY SANTOS","0992873836","PC ALLEY STA.ROSA LAGUNA","Paid","Cash","Php 300.000","Php 300.000","Php 0.000","","","1.00","cashier sta.rosa","","",""
"ActionsToggle Dropdown ViewNew Sale Notification","09/14/2026 16:25","2026-50601","MICHAEL DELA CRUZ","09953645284","PC ALLEY STA.ROSA LAGUNA","Paid","Cash","Php 22,150.000","Php 22,150.000","Php 0.000","","","14.00","cashier sta.rosa","","",""
"ActionsToggle Dropdown ViewNew Sale Notification","09/14/2026 16:07","2026-50577","JEFFY SANTOS","0992873836","PC ALLEY STA.ROSA LAGUNA","Paid","Cash","Php 40,200.000","Php 40,200.000","Php 0.000","","","15.00","cashier sta.rosa","","",""
"ActionsToggle Dropdown ViewNew Sale Notification","09/14/2026 15:54","2026-50569","JUSTIN RON ESTRELLA","09945445674","PC ALLEY STA.ROSA LAGUNA","Paid","Cash","Php 300.000","Php 300.000","Php 0.000","","","2.00","cashier sta.rosa","","",""
"ActionsToggle Dropdown ViewNew Sale Notification","09/14/2026 15:47","2026-50593","WINCHELLE CABARTEJA","09159555295","PC ALLEY STA.ROSA LAGUNA","Paid","Cash","Php 18,450.000","Php 18,450.000","Php 0.000","","","12.00","cashier sta.rosa","PCA004-09142026-002","",""
"ActionsToggle Dropdown ViewNew Sale Notification","09/14/2026 14:57","2026-50567","CHRISTIAN DALE J PADILLA","09308806944","PC ALLEY STA.ROSA LAGUNA","Paid","Cash","Php 2,100.000","Php 2,100.000","Php 0.000","","","1.00","cashier sta.rosa","","",""
"ActionsToggle Dropdown ViewNew Sale Notification","09/14/2026 13:03","2026-50544","OLDJ TRADING ODEUS AUTOS","09912311942","PC ALLEY STA.ROSA LAGUNA","Paid","Cash","Php 1,900.000","Php 1,900.000","Php 0.000","","","1.00","cashier sta.rosa","","",""
"ActionsToggle Dropdown ViewNew Sale Notification","09/14/2026 13:03","2026-50545","NELSON CALMA JR.","09484535970","PC ALLEY STA.ROSA LAGUNA","Paid","Cash","Php 260.000","Php 260.000","Php 0.000","","","1.00","cashier sta.rosa","","",""
"ActionsToggle Dropdown ViewNew Sale Notification","09/14/2026 13:03","2026-50563","EUGENIA DE JESUS","09065845147","PC ALLEY STA.ROSA LAGUNA","Paid","Cash","Php 1,100.000","Php 1,100.000","Php 0.000","","","2.00","cashier sta.rosa","","",""
"ActionsToggle Dropdown ViewNew Sale Notification","09/14/2026 12:47","2026-50541","CHRISTIAN PAOLO TORRALBA","09272044380","PC ALLEY STA.ROSA LAGUNA","Paid","Cash","Php 8,200.000","Php 8,200.000","Php 0.000","","","2.00","cashier sta.rosa","","",""
"ActionsToggle Dropdown ViewNew Sale Notification","09/14/2026 12:29","2026-50539","JOEL AMARANTE","09317048461","PC ALLEY STA.ROSA LAGUNA","Paid","Cash","Php 3,400.000","Php 3,400.000","Php 0.000","","","1.00","cashier sta.rosa","","",""
"ActionsToggle Dropdown ViewNew Sale Notification","09/14/2026 11:49","2026-50543","ALONE LABONG","09125671534","PC ALLEY STA.ROSA LAGUNA","Paid","Cash","Php 6,000.000","Php 6,000.000","Php 0.000","","","3.00","cashier sta.rosa","","",""
"ActionsToggle Dropdown ViewNew Sale Notification","09/14/2026 11:48","2026-50536","MC BRYAN SORIANO","09923658083","PC ALLEY STA.ROSA LAGUNA","Paid","Cash","Php 21,990.000","Php 21,990.000","Php 0.000","","","8.00","cashier sta.rosa","PCA004-0912026-004","",""
"ActionsToggle Dropdown ViewNew Sale Notification","09/14/2026 11:19","2026-50534","FIRE SUMMIT SOLUTIONS, INC.,","09759861309","PC ALLEY STA.ROSA LAGUNA","Paid","Cash","Php 31,995.000","Php 31,995.000","Php 0.000","","","4.00","cashier sta.rosa","","",""
"ActionsToggle Dropdown ViewNew Sale Notification","09/13/2026 18:34","2026-50525","RHE RHE","12345","PC ALLEY STA.ROSA LAGUNA","Paid","Cash","Php 10,812.000","Php 10,812.000","Php 0.000","","","2.00","cashier sta.rosa","","",""
"ActionsToggle Dropdown ViewNew Sale Notification","09/13/2026 18:25","2026-50521","ABECEL FRANSISCO","09054714644","PC ALLEY STA.ROSA LAGUNA","Paid","Cash","Php 650.000","Php 650.000","Php 0.000","","","1.00","cashier sta.rosa","","",""
"ActionsToggle Dropdown ViewNew Sale Notification","09/13/2026 18:05","2026-50527","Alma Alumno","09918469055","PC ALLEY STA.ROSA LAGUNA","Paid","Cash","Php 31,495.000","Php 31,495.000","Php 0.000","","","4.00","cashier sta.rosa","","",""
"ActionsToggle Dropdown ViewNew Sale Notification","09/13/2026 17:33","2026-50517","JHON FRANCO BATINO GABUYAO","09086594877","PC ALLEY STA.ROSA LAGUNA","Paid","Cash","Php 4,429.000","Php 4,429.000","Php 0.000","","","2.00","cashier sta.rosa","","",""
"ActionsToggle Dropdown ViewNew Sale Notification","09/13/2026 17:21","2026-50511","KARL GEORG CLAUSS","091719322345","PC ALLEY STA.ROSA LAGUNA","Paid","Cash","Php 5,000.000","Php 5,000.000","Php 0.000","","","1.00","cashier sta.rosa","","",""
"ActionsToggle Dropdown ViewNew Sale Notification","09/13/2026 16:19","2026-50503","JAYBEE MARTIN","09353559055","PC ALLEY STA.ROSA LAGUNA","Paid","Cash","Php 5,550.000","Php 5,550.000","Php 0.000","","","2.00","cashier sta.rosa","","",""
"ActionsToggle Dropdown ViewNew Sale Notification","09/13/2026 15:31","2026-50488","GAYLORD MACUTAY PELAYO","09503458406","PC ALLEY STA.ROSA LAGUNA","Paid","Cash","Php 17,995.000","Php 17,995.000","Php 0.000","","","1.00","cashier sta.rosa","","",""
"ActionsToggle Dropdown ViewNew Sale Notification","09/13/2026 15:28","2026-50486","JULLIAN MAXXI B SABANDO","0945969101","PC ALLEY STA.ROSA LAGUNA","Paid","Cash","Php 450.000","Php 450.000","Php 0.000","","","2.00","cashier sta.rosa","","",""
"ActionsToggle Dropdown ViewNew Sale Notification","09/13/2026 14:51","2026-50522","ABECEL FRANSISCO","09054714644","PC ALLEY STA.ROSA LAGUNA","Paid","Cash","Php 36,044.850","Php 36,044.850","Php 0.000","","","4.00","cashier sta.rosa","","",""
"ActionsToggle Dropdown ViewNew Sale Notification","09/13/2026 14:49","2026-50496","ESMERALDA GONZALES","09951921004","PC ALLEY STA.ROSA LAGUNA","Paid","Cash","Php 34,395.000","Php 34,395.000","Php 0.000","","","15.00","cashier sta.rosa","","",""
"ActionsToggle Dropdown ViewNew Sale Notification","09/13/2026 13:44","2026-50474","RHE RHE","12345","PC ALLEY STA.ROSA LAGUNA","Paid","Cash","Php 3,568.000","Php 3,568.000","Php 0.000","","","1.00","cashier sta.rosa","","",""
"ActionsToggle Dropdown ViewNew Sale Notification","09/13/2026 13:39","2026-50473","jeshua john tabani","09354238441","PC ALLEY STA.ROSA LAGUNA","Paid","Cash","Php 500.000","Php 500.000","Php 0.000","","","1.00","cashier sta.rosa","","",""
"ActionsToggle Dropdown ViewNew Sale Notification","09/13/2026 13:32","2026-50472","NOEL NAGA","09709461787","PC ALLEY STA.ROSA LAGUNA","Paid","Cash","Php 2,000.000","Php 2,000.000","Php 0.000","","","1.00","cashier sta.rosa","","",""
"ActionsToggle Dropdown ViewNew Sale Notification","09/13/2026 12:47","2026-50471","Margarette Laroa","09688826242","PC ALLEY STA.ROSA LAGUNA","Paid","Cash","Php 3,900.000","Php 3,900.000","Php 0.000","","","1.00","cashier sta.rosa","","",""
"ActionsToggle Dropdown ViewNew Sale Notification","09/13/2026 10:29","2026-50466","RHE RHE","12345","PC ALLEY STA.ROSA LAGUNA","Paid","Cash","Php 13,174.000","Php 13,174.000","Php 0.000","","","3.00","cashier sta.rosa","","",""
"ActionsToggle Dropdown ViewNew Sale Notification","09/13/2026 10:09","2026-50458","JASPER MIRANDA","09214237101","PC ALLEY STA.ROSA LAGUNA","Paid","Cash","Php 500.000","Php 500.000","Php 0.000","","","1.00","cashier sta.rosa","","",""
"ActionsToggle Dropdown ViewNew Sale Notification","09/13/2026 09:19","2026-50456","JOEL AMARANTE","09317048461","PC ALLEY STA.ROSA LAGUNA","Paid","Cash","Php 850.000","Php 850.000","Php 0.000","","","1.00","cashier sta.rosa","","",""
"ActionsToggle Dropdown ViewNew Sale Notification","09/12/2026 19:17","2026-50455","MARA MAE TAGALAO","09512665595","PC ALLEY STA.ROSA LAGUNA","Paid","Cash","Php 350.000","Php 350.000","Php 0.000","","","1.00","cashier sta.rosa","","",""
"ActionsToggle Dropdown ViewNew Sale Notification","09/12/2026 18:19","2026-50443","NORMAN VELASCO","09619538804","PC ALLEY STA.ROSA LAGUNA","Paid","Cash","Php 17,995.000","Php 17,995.000","Php 0.000","","","1.00","cashier sta.rosa","","",""
"ActionsToggle Dropdown ViewNew Sale Notification","09/12/2026 18:19","2026-50453","MARY ANNE TAUZON","09504614525","PC ALLEY STA.ROSA LAGUNA","Paid","Cash","Php 1,400.000","Php 1,400.000","Php 0.000","","","2.00","cashier sta.rosa","","",""
"ActionsToggle Dropdown ViewNew Sale Notification","09/12/2026 18:11","2026-50440","JOMEL FABUNAN","09765708151","PC ALLEY STA.ROSA LAGUNA","Paid","Cash","Php 1,225.000","Php 1,225.000","Php 0.000","","","3.00","cashier sta.rosa","","",""
"ActionsToggle Dropdown ViewNew Sale Notification","09/12/2026 18:03","2026-50438","RHE RHE","12345","PC ALLEY STA.ROSA LAGUNA","Paid","Cash","Php 10,982.000","Php 10,982.000","Php 0.000","","","4.00","cashier sta.rosa","","",""
"ActionsToggle Dropdown ViewNew Sale Notification","09/12/2026 18:00","2026-50435","JOSE PAOLO EVASCO","0945140353","PC ALLEY STA.ROSA LAGUNA","Paid","Cash","Php 150.000","Php 150.000","Php 0.000","","","1.00","cashier sta.rosa","","",""
"ActionsToggle Dropdown ViewNew Sale Notification","09/12/2026 16:58","2026-50430","FIRST UNITED FARMERS RURAL BANK,","09983348373","PC ALLEY STA.ROSA LAGUNA","Paid","Cash","Php 33,450.000","Php 33,450.000","Php 0.000","","","13.00","cashier sta.rosa","","",""
"ActionsToggle Dropdown ViewNew Sale Notification","09/12/2026 15:42","2026-50411","ANNE ROSE TIOPEZ","09338214645","PC ALLEY STA.ROSA LAGUNA","Paid","Cash","Php 700.000","Php 700.000","Php 0.000","","","1.00","cashier sta.rosa","","",""
"ActionsToggle Dropdown ViewNew Sale Notification","09/12/2026 14:35","2026-50391","ROSALYN BAUTISTA/INC-MARINIG","09219664101","PC ALLEY STA.ROSA LAGUNA","Paid","Cash","Php 5,700.000","Php 5,700.000","Php 0.000","","","1.00","cashier sta.rosa","","",""
"ActionsToggle Dropdown ViewNew Sale Notification","09/12/2026 10:28","2026-50377","RHE RHE","12345","PC ALLEY STA.ROSA LAGUNA","Paid","Cash","Php 7,950.000","Php 7,950.000","Php 0.000","","","2.00","cashier sta.rosa","","",""
"ActionsToggle Dropdown ViewNew Sale Notification","09/11/2026 18:48","2026-50370","JAYSON OYALES","09770564872","PC ALLEY STA.ROSA LAGUNA","Paid","Cash","Php 3,100.000","Php 3,100.000","Php 0.000","","","1.00","cashier sta.rosa","","",""
"ActionsToggle Dropdown ViewNew Sale Notification","09/11/2026 18:43","2026-50368","MARTINEZ LEMUEL","09069051185","PC ALLEY STA.ROSA LAGUNA","Paid","Cash","Php 450.000","Php 450.000","Php 0.000","","","1.00","cashier sta.rosa","","",""
"ActionsToggle Dropdown ViewNew Sale Notification","09/11/2026 18:29","2026-50374","LARA TAGLE","09171624517","PC ALLEY STA.ROSA LAGUNA","Paid","Cash","Php 26,995.000","Php 26,995.000","Php 0.000","","","4.00","cashier sta.rosa","PCA004-09112026-002","",""
"ActionsToggle Dropdown ViewNew Sale Notification","09/11/2026 17:27","2026-50372","CLEMENT JOHN QUIAMBAO","09615052444","PC ALLEY STA.ROSA LAGUNA","Paid","Cash","Php 30,333.500","Php 30,333.500","Php 0.000","","","14.00","cashier sta.rosa","","",""
"ActionsToggle Dropdown ViewNew Sale Notification","09/11/2026 15:57","2026-50345","ELEANOR VERGARA","09913862135","PC ALLEY STA.ROSA LAGUNA","Paid","Cash","Php 200.000","Php 200.000","Php 0.000","","","1.00","cashier sta.rosa","","",""
"ActionsToggle Dropdown ViewNew Sale Notification","09/11/2026 15:43","2026-50347","ADONIS RECONALLA","09615043200","PC ALLEY STA.ROSA LAGUNA","Paid","Cash","Php 15,750.000","Php 15,750.000","Php 0.000","","","12.00","cashier sta.rosa","","",""
"ActionsToggle Dropdown ViewNew Sale Notification","09/11/2026 13:48","2026-50326","EUGENIA DE JESUS","09065845147","PC ALLEY STA.ROSA LAGUNA","Paid","Cash","Php 450.000","Php 450.000","Php 0.000","","","1.00","cashier sta.rosa","","",""
"ActionsToggle Dropdown ViewNew Sale Notification","09/11/2026 12:58","2026-50325","JOHNMARK WAJE","091045433281","PC ALLEY STA.ROSA LAGUNA","Paid","Cash","Php 1,650.000","Php 1,650.000","Php 0.000","","","1.00","cashier sta.rosa","","",""
"ActionsToggle Dropdown ViewNew Sale Notification","09/11/2026 10:38","2026-50324","Jordan Lugod","43634","PC ALLEY STA.ROSA LAGUNA","Paid","Cash","Php 3,100.000","Php 3,100.000","Php 0.000","","","1.00","cashier sta.rosa","","",""
"ActionsToggle Dropdown ViewNew Sale Notification","09/10/2026 19:04","2026-50313","CHAMY BORJA","09308638680","PC ALLEY STA.ROSA LAGUNA","Paid","Cash","Php 5,050.000","Php 5,050.000","Php 0.000","","","4.00","cashier sta.rosa","","",""
"ActionsToggle Dropdown ViewNew Sale Notification","09/10/2026 18:33","2026-50310","IVAN SALCEDO","09991412525","PC ALLEY STA.ROSA LAGUNA","Paid","Cash","Php 9,650.000","Php 9,650.000","Php 0.000","","","4.00","cashier sta.rosa","","",""
"ActionsToggle Dropdown ViewNew Sale Notification","09/10/2026 18:00","2026-50306","Alma Alumno","09918469055","PC ALLEY STA.ROSA LAGUNA","Paid","Cash","Php 20,040.000","Php 20,040.000","Php 0.000","","","10.00","cashier sta.rosa","","",""
"ActionsToggle Dropdown ViewNew Sale Notification","09/10/2026 16:59","2026-50294","Jamie Rose Baya","09338282790","PC ALLEY STA.ROSA LAGUNA","Paid","Cash","Php 800.000","Php 800.000","Php 0.000","","","1.00","cashier sta.rosa","","",""
"ActionsToggle Dropdown ViewNew Sale Notification","09/10/2026 16:59","2026-50301","ALEXANDER JUANILLO","09973710148","PC ALLEY STA.ROSA LAGUNA","Paid","Cash","Php 618.000","Php 618.000","Php 0.000","","","1.00","cashier sta.rosa","","",""
"ActionsToggle Dropdown ViewNew Sale Notification","09/10/2026 16:41","2026-50292","EVILYN LADO","09604479444","PC ALLEY STA.ROSA LAGUNA","Paid","Cash","Php 1,850.000","Php 1,850.000","Php 0.000","","","3.00","cashier sta.rosa","","",""
"ActionsToggle Dropdown ViewNew Sale Notification","09/10/2026 16:39","2026-50289","ROGER DALAHAY","09126336762","PC ALLEY STA.ROSA LAGUNA","Paid","Cash","Php 500.000","Php 500.000","Php 0.000","","","1.00","cashier sta.rosa","","",""
"ActionsToggle Dropdown ViewNew Sale Notification","09/10/2026 15:41","2026-50284","NAT BALITON PANELA","09568797887","PC ALLEY STA.ROSA LAGUNA","Paid","Cash","Php 550.000","Php 550.000","Php 0.000","","","1.00","cashier sta.rosa","","",""
"ActionsToggle Dropdown ViewNew Sale Notification","09/10/2026 15:37","2026-50285","PAOLO BUENCONSEJO","09944246279","PC ALLEY STA.ROSA LAGUNA","Paid","Cash","Php 1,650.000","Php 1,650.000","Php 0.000","","","1.00","cashier sta.rosa","","",""
"ActionsToggle Dropdown ViewNew Sale Notification","09/10/2026 15:34","2026-50283","RYAN TEMPLONUEVO","09915086750","PC ALLEY STA.ROSA LAGUNA","Paid","Cash","Php 225.000","Php 225.000","Php 0.000","","","2.00","cashier sta.rosa","","",""
"ActionsToggle Dropdown ViewNew Sale Notification","09/10/2026 15:31","2026-50282","JOHN BERT CARA","09281734365","PC ALLEY STA.ROSA LAGUNA","Paid","Cash","Php 600.000","Php 600.000","Php 0.000","","","1.00","cashier sta.rosa","","",""
"ActionsToggle Dropdown ViewNew Sale Notification","09/10/2026 14:49","2026-50278","Michelle Musnit","0956-992-4240","PC ALLEY STA.ROSA LAGUNA","Paid","Cash","Php 3,700.000","Php 3,700.000","Php 0.000","","","1.00","cashier sta.rosa","","",""
"ActionsToggle Dropdown ViewNew Sale Notification","09/10/2026 14:36","2026-50281","JESSICA VELASCO","09651988480","PC ALLEY STA.ROSA LAGUNA","Paid","Cash","Php 17,495.000","Php 17,495.000","Php 0.000","","","2.00","cashier sta.rosa","","",""
"ActionsToggle Dropdown ViewNew Sale Notification","09/10/2026 13:29","2026-50263","JACQUILINE AGUILAR ODC.,","189-303-634-00003","PC ALLEY STA.ROSA LAGUNA","Paid","Cash","Php 48,000.000","Php 48,000.000","Php 0.000","","","7.00","cashier sta.rosa","","",""
"ActionsToggle Dropdown ViewNew Sale Notification","09/10/2026 10:50","2026-50259","KIM KARAMIHAN","09053538089","PC ALLEY STA.ROSA LAGUNA","Paid","Cash","Php 400.000","Php 400.000","Php 0.000","","","2.00","cashier sta.rosa","","",""
"ActionsToggle Dropdown ViewNew Sale Notification","09/10/2026 10:27","2026-50257","HAULPRO CORPORATION,","683-970-024-00000","PC ALLEY STA.ROSA LAGUNA","Paid","Cash","Php 18,450.000","Php 18,450.000","Php 0.000","","","11.00","cashier sta.rosa","PCA004-09092026-004","",""
"ActionsToggle Dropdown ViewNew Sale Notification","09/09/2026 18:29","2026-50249","WINCHESTER COSE","09914699040","PC ALLEY STA.ROSA LAGUNA","Paid","Cash","Php 12,500.000","Php 12,500.000","Php 0.000","","","2.00","cashier sta.rosa","","",""
"ActionsToggle Dropdown ViewNew Sale Notification","09/09/2026 17:54","2026-50242","RODEL BONAVENTE","09192284913","PC ALLEY STA.ROSA LAGUNA","Paid","Cash","Php 1,000.000","Php 1,000.000","Php 0.000","","","2.00","cashier sta.rosa","","",""
"ActionsToggle Dropdown ViewNew Sale Notification","09/09/2026 17:37","2026-50238","RON P DIVINAGRACIA","09977428133","PC ALLEY STA.ROSA LAGUNA","Paid","Cash","Php 650.000","Php 650.000","Php 0.000","","","1.00","cashier sta.rosa","","",""
"ActionsToggle Dropdown ViewNew Sale Notification","09/09/2026 17:33","2026-50237","NIEL JEFFREY MENDOZA","09915729800","PC ALLEY STA.ROSA LAGUNA","Paid","Cash","Php 200.000","Php 200.000","Php 0.000","","","1.00","cashier sta.rosa","DIAGNOSE - Nicko UNIT: RYZEN 5 3400G DESKTOP CONCERN: NO DISPLAY SERVICE: DIAGNOSE PARTS: NA","",""
"ActionsToggle Dropdown ViewNew Sale Notification","09/09/2026 16:38","2026-50235","PRINTER ACCENT ENTERPRISES,","09179254495","PC ALLEY STA.ROSA LAGUNA","Paid","Cash","Php 23,900.000","Php 23,900.000","Php 0.000","","","2.00","cashier sta.rosa","","",""
"ActionsToggle Dropdown ViewNew Sale Notification","09/09/2026 16:37","2026-50244","RODEL BONAVENTE","09192284913","PC ALLEY STA.ROSA LAGUNA","Paid","Cash","Php 26,995.000","Php 26,995.000","Php 0.000","","","3.00","cashier sta.rosa","","",""
"ActionsToggle Dropdown ViewNew Sale Notification","09/09/2026 16:33","2026-50228","JOY SANJOSE","09456209186","PC ALLEY STA.ROSA LAGUNA","Paid","Cash","Php 2,800.000","Php 2,800.000","Php 0.000","","","1.00","cashier sta.rosa","","",""
"ActionsToggle Dropdown ViewNew Sale Notification","09/09/2026 14:30","2026-50217","FEDERICO MATERIANO","09242880598","PC ALLEY STA.ROSA LAGUNA","Paid","Cash","Php 650.000","Php 650.000","Php 0.000","","","1.00","cashier sta.rosa","","",""
"ActionsToggle Dropdown ViewNew Sale Notification","09/09/2026 14:29","2026-50216","JP PASCUA","09985857575","PC ALLEY STA.ROSA LAGUNA","Paid","Cash","Php 400.000","Php 400.000","Php 0.000","","","1.00","cashier sta.rosa","","",""
"ActionsToggle Dropdown ViewNew Sale Notification","09/09/2026 14:11","2026-50227","JOHN VINCENT ZOTOMAYOR","09765680650","PC ALLEY STA.ROSA LAGUNA","Paid","Cash","Php 35,950.000","Php 35,950.000","Php 0.000","","","14.00","cashier sta.rosa","PCA004-09092026-001","",""
"ActionsToggle Dropdown ViewNew Sale Notification","09/09/2026 14:05","2026-50218","YET GUILLERMO","09173951192","PC ALLEY STA.ROSA LAGUNA","Paid","Cash","Php 21,624.850","Php 21,624.850","Php 0.000","","","16.00","cashier sta.rosa","PCA004-08272026-009","",""
"ActionsToggle Dropdown ViewNew Sale Notification","09/09/2026 11:53","2026-50212","Lloyd Alexton Diez","09958910108","PC ALLEY STA.ROSA LAGUNA","Paid","Cash","Php 2,060.000","Php 2,060.000","Php 0.000","","","1.00","cashier sta.rosa","","",""
"ActionsToggle Dropdown ViewNew Sale Notification","09/09/2026 11:48","2026-50203","JOMEL FABUNAN","09765708151","PC ALLEY STA.ROSA LAGUNA","Paid","Cash","Php 700.000","Php 700.000","Php 0.000","","","1.00","cashier sta.rosa","","",""
"ActionsToggle Dropdown ViewNew Sale Notification","09/08/2026 18:00","2026-50190","RONALD PARUNGCA","09451362316","PC ALLEY STA.ROSA LAGUNA","Paid","Cash","Php 1,650.000","Php 1,650.000","Php 0.000","","","2.00","cashier sta.rosa","","",""
"ActionsToggle Dropdown ViewNew Sale Notification","09/08/2026 17:04","2026-50174","Dan Rizaba","09166358239","PC ALLEY STA.ROSA LAGUNA","Paid","Cash","Php 600.000","Php 600.000","Php 0.000","","","2.00","cashier sta.rosa","","",""
"ActionsToggle Dropdown ViewNew Sale Notification","09/08/2026 16:15","2026-50169","MICHEAL OLIVEROS","09568979328","PC ALLEY STA.ROSA LAGUNA","Paid","Cash","Php 200.000","Php 200.000","Php 0.000","","","1.00","cashier sta.rosa","","",""
"ActionsToggle Dropdown ViewNew Sale Notification","09/08/2026 16:15","2026-50171","LUMUEL GERILLA","09612817590","PC ALLEY STA.ROSA LAGUNA","Paid","Cash","Php 950.000","Php 950.000","Php 0.000","","","1.00","cashier sta.rosa","","",""
"ActionsToggle Dropdown ViewNew Sale Notification","09/08/2026 13:53","2026-50156","EDWIN LOBINA","09178984652","PC ALLEY STA.ROSA LAGUNA","Paid","Cash","Php 700.000","Php 700.000","Php 0.000","","","1.00","cashier sta.rosa","","",""
"ActionsToggle Dropdown ViewNew Sale Notification","09/08/2026 13:34","2026-50155","EDWIN LOBINA","09178984652","PC ALLEY STA.ROSA LAGUNA","Paid","Cash","Php 18,643.000","Php 18,643.000","Php 0.000","","","5.00","cashier sta.rosa","","",""
"ActionsToggle Dropdown ViewNew Sale Notification","09/08/2026 11:54","2026-50140","PRINTER ACCENT ENTERPRISES,","09179254495","PC ALLEY STA.ROSA LAGUNA","Paid","Cash","Php 11,100.000","Php 11,100.000","Php 0.000","","","1.00","cashier sta.rosa","","",""
"ActionsToggle Dropdown ViewNew Sale Notification","09/30/2026 18:46","2026-51570","VEORA","00000930261","PC ALLEY CALAMBA LAGUNA","Paid","Cash","Php 3,500.000","Php 3,500.000","Php 0.000","","","1.00","cashier calamba","","",""
"ActionsToggle Dropdown ViewNew Sale Notification","09/30/2026 18:17","2026-51562","SARAH MAY DALLOG","09267230688","PC ALLEY CALAMBA LAGUNA","Paid","Cash","Php 800.000","Php 800.000","Php 0.000","","","2.00","cashier calamba","","",""
"ActionsToggle Dropdown ViewNew Sale Notification","09/30/2026 17:54","2026-51563","JEFFREY QUEMUEL","09075631883","PC ALLEY CALAMBA LAGUNA","Paid","Cash","Php 62,250.000","Php 62,250.000","Php 0.000","","","16.00","cashier calamba","","",""
"ActionsToggle Dropdown ViewNew Sale Notification","09/30/2026 16:15","2026-51559","Walk-In Customer","","PC ALLEY CALAMBA LAGUNA","Paid","Cash","Php 100.000","Php 100.000","Php 0.000","","","1.00","cashier calamba","","",""
"ActionsToggle Dropdown ViewNew Sale Notification","09/30/2026 15:43","2026-51538","KARL MAESTRADO","09277935174","PC ALLEY CALAMBA LAGUNA","Paid","Cash","Php 2,163.000","Php 2,163.000","Php 0.000","","","1.00","cashier calamba","","",""
"ActionsToggle Dropdown ViewNew Sale Notification","09/30/2026 14:55","2026-51536","QUIMWEL RENIDO","09304620838","PC ALLEY CALAMBA LAGUNA","Paid","Cash","Php 350.000","Php 350.000","Php 0.000","","","1.00","cashier calamba","","",""
"ActionsToggle Dropdown ViewNew Sale Notification","09/29/2026 17:55","2026-51503","Walk-In Customer","","PC ALLEY CALAMBA LAGUNA","Paid","Cash","Php 75.000","Php 75.000","Php 0.000","","","1.00","cashier calamba","","",""
"ActionsToggle Dropdown ViewNew Sale Notification","09/29/2026 17:49","2026-51507","MONA LIZA MATON","09681237412","PC ALLEY CALAMBA LAGUNA","Paid","Cash","Php 120,350.000","Php 120,350.000","Php 0.000","","","19.00","cashier calamba","","",""
"ActionsToggle Dropdown ViewNew Sale Notification","09/29/2026 17:48","2026-51500","JOHUNEL MAGTANGOB","09673289670","PC ALLEY CALAMBA LAGUNA","Paid","Cash","Php 300.000","Php 300.000","Php 0.000","","","1.00","cashier calamba","","",""
"ActionsToggle Dropdown ViewNew Sale Notification","09/29/2026 16:25","2026-51484","KEVIN RESELLER BARIAS","09459731833","PC ALLEY CALAMBA LAGUNA","Paid","Cash","Php 16,500.000","Php 16,500.000","Php 0.000","","","7.00","cashier calamba","","",""
"ActionsToggle Dropdown ViewNew Sale Notification","09/29/2026 15:49","2026-51478","JOHN CARLO FLOR","09773262911","PC ALLEY CALAMBA LAGUNA","Paid","Cash","Php 200.000","Php 200.000","Php 0.000","","","1.00","cashier calamba","","",""
"ActionsToggle Dropdown ViewNew Sale Notification","09/29/2026 15:48","2026-51477","MAY","09369381483","PC ALLEY CALAMBA LAGUNA","Paid","Cash","Php 200.000","Php 200.000","Php 0.000","","","1.00","cashier calamba","","",""
"ActionsToggle Dropdown ViewNew Sale Notification","09/29/2026 14:02","2026-51453","VERA MEDICAL SUPPLY DEPOT","00000819261","PC ALLEY CALAMBA LAGUNA","Paid","Cash","Php 200.000","Php 200.000","Php 0.000","","","1.00","cashier calamba","","",""
"ActionsToggle Dropdown ViewNew Sale Notification","09/29/2026 14:01","2026-51452","OGULCAN ISIK","09152640656","PC ALLEY CALAMBA LAGUNA","Paid","Cash","Php 200.000","Php 200.000","Php 0.000","","","1.00","cashier calamba","","",""
"ActionsToggle Dropdown ViewNew Sale Notification","09/29/2026 13:11","2026-51473","MIGUEL CANICOSA","09602009059","PC ALLEY CALAMBA LAGUNA","Paid","Cash","Php 4,900.000","Php 4,900.000","Php 0.000","","","1.00","cashier calamba","","",""
"ActionsToggle Dropdown ViewNew Sale Notification","09/29/2026 12:07","2026-51472","MARJHON MARCA","09692851506","PC ALLEY CALAMBA LAGUNA","Paid","Cash","Php 150.000","Php 150.000","Php 0.000","","","1.00","cashier calamba","","",""
"ActionsToggle Dropdown ViewNew Sale Notification","09/29/2026 10:12","2026-51442","ANDREA MARIANO","09688753321","PC ALLEY CALAMBA LAGUNA","Paid","Cash","Php 350.000","Php 350.000","Php 0.000","","","1.00","cashier calamba","","",""
"ActionsToggle Dropdown ViewNew Sale Notification","09/28/2026 20:31","2026-51441","PJMD Enterprises Inc / Prince Junino Dycaico","09668438838","PC ALLEY CALAMBA LAGUNA","Paid","Cash","Php 4,900.000","Php 4,900.000","Php 0.000","","","1.00","cashier calamba","","",""
"ActionsToggle Dropdown ViewNew Sale Notification","09/28/2026 19:23","2026-51439","ELMOWANE SABALBARO","09950555855","PC ALLEY CALAMBA LAGUNA","Paid","Cash","Php 38,885.000","Php 38,885.000","Php 0.000","","","14.00","cashier calamba","","",""
"ActionsToggle Dropdown ViewNew Sale Notification","09/28/2026 18:41","2026-51435","Walk-In Customer","","PC ALLEY CALAMBA LAGUNA","Paid","Cash","Php 50.000","Php 50.000","Php 0.000","","","1.00","cashier calamba","","",""
"ActionsToggle Dropdown ViewNew Sale Notification","09/28/2026 18:40","2026-51434","Walk-In Customer","","PC ALLEY CALAMBA LAGUNA","Paid","Cash","Php 250.000","Php 250.000","Php 0.000","","","1.00","cashier calamba","","",""
"ActionsToggle Dropdown ViewNew Sale Notification","09/28/2026 18:36","2026-51432","Walk-In Customer","","PC ALLEY CALAMBA LAGUNA","Paid","Cash","Php 385.000","Php 385.000","Php 0.000","","","2.00","cashier calamba","","",""
"ActionsToggle Dropdown ViewNew Sale Notification","09/28/2026 18:09","2026-51438","EDWIN DATOR","09167225104","PC ALLEY CALAMBA LAGUNA","Paid","Cash","Php 25,350.000","Php 25,350.000","Php 0.000","","","15.00","cashier calamba","","",""
"ActionsToggle Dropdown ViewNew Sale Notification","09/28/2026 17:57","2026-51430","SHIELA MAY B. AQUINO","09637637376","PC ALLEY CALAMBA LAGUNA","Paid","Cash","Php 18,995.000","Php 18,995.000","Php 0.000","","","2.00","cashier calamba","","",""
"ActionsToggle Dropdown ViewNew Sale Notification","09/28/2026 16:43","2026-51403","MARC ALLEN DAVID","0905 904 3872","PC ALLEY CALAMBA LAGUNA","Paid","Cash","Php 2,000.000","Php 2,000.000","Php 0.000","","","1.00","cashier calamba","","",""
"ActionsToggle Dropdown ViewNew Sale Notification","09/28/2026 13:34","2026-51398","CLAIRE H. BUGANI","09398219099","PC ALLEY CALAMBA LAGUNA","Paid","Cash","Php 18,995.000","Php 18,995.000","Php 0.000","","","3.00","cashier calamba","","",""
"ActionsToggle Dropdown ViewNew Sale Notification","09/28/2026 12:42","2026-51386","Arvin Buslon","***********","PC ALLEY CALAMBA LAGUNA","Paid","Cash","Php 700.000","Php 700.000","Php 0.000","","","1.00","cashier calamba","","",""
"ActionsToggle Dropdown ViewNew Sale Notification","09/28/2026 12:15","2026-51385","ELLARIE REDONDO","09165605475","PC ALLEY CALAMBA LAGUNA","Paid","Cash","Php 200.000","Php 200.000","Php 0.000","","","1.00","cashier calamba","","",""
"ActionsToggle Dropdown ViewNew Sale Notification","09/27/2026 18:21","2026-51370","CHARLENE T. BALASBAS","09637936758","PC ALLEY CALAMBA LAGUNA","Paid","Cash","Php 70,995.000","Php 70,995.000","Php 0.000","","","4.00","cashier calamba","","",""
"ActionsToggle Dropdown ViewNew Sale Notification","09/27/2026 18:13","2026-51363","JHAKE M. AREVALO","09949347261","PC ALLEY CALAMBA LAGUNA","Paid","Cash","Php 32,435.000","Php 32,435.000","Php 0.000","","","13.00","cashier calamba","","",""
"ActionsToggle Dropdown ViewNew Sale Notification","09/27/2026 17:56","2026-51355","SKT ENT","09690330355","PC ALLEY CALAMBA LAGUNA","Paid","Cash","Php 21,400.000","Php 21,400.000","Php 0.000","","","13.00","cashier calamba","","",""
"ActionsToggle Dropdown ViewNew Sale Notification","09/27/2026 17:28","2026-51351","MELODY A. CALDERON","09306226677","PC ALLEY CALAMBA LAGUNA","Paid","Cash","Php 9,000.000","Php 9,000.000","Php 0.000","","","1.00","cashier calamba","","",""
"ActionsToggle Dropdown ViewNew Sale Notification","09/27/2026 17:27","2026-51350","DON JOHN","09276446004","PC ALLEY CALAMBA LAGUNA","Paid","Cash","Php 50.000","Php 50.000","Php 0.000","","","1.00","cashier calamba","","",""
"ActionsToggle Dropdown ViewNew Sale Notification","09/27/2026 17:20","2026-51347","JOHN ANDREI BOADO","09918533246","PC ALLEY CALAMBA LAGUNA","Paid","Cash","Php 200.000","Php 200.000","Php 0.000","","","1.00","cashier calamba","","",""
"ActionsToggle Dropdown ViewNew Sale Notification","09/27/2026 16:19","2026-51357","Walk-In Customer","","PC ALLEY CALAMBA LAGUNA","Paid","Cash","Php 300.000","Php 300.000","Php 0.000","","","1.00","cashier calamba","","",""
"ActionsToggle Dropdown ViewNew Sale Notification","09/27/2026 16:18","2026-51325","JAY MELGAR","09612847415","PC ALLEY CALAMBA LAGUNA","Paid","Cash","Php 250.000","Php 250.000","Php 0.000","","","1.00","cashier calamba","","",""
"ActionsToggle Dropdown ViewNew Sale Notification","09/27/2026 15:20","2026-51338","JAYVEE S. ALIPARO","09559734641","PC ALLEY CALAMBA LAGUNA","Paid","Cash","Php 40,195.000","Php 40,195.000","Php 0.000","","","5.00","cashier calamba","","",""
"ActionsToggle Dropdown ViewNew Sale Notification","09/27/2026 14:23","2026-51310","JHOBERT ERATO","09070815150","PC ALLEY CALAMBA LAGUNA","Paid","Cash","Php 4,100.000","Php 4,100.000","Php 0.000","","","3.00","cashier calamba","","",""
"ActionsToggle Dropdown ViewNew Sale Notification","09/27/2026 14:06","2026-51305","APRIL ROSE MULINGBAYAN","09430646535","PC ALLEY CALAMBA LAGUNA","Paid","Cash","Php 4,429.000","Php 4,429.000","Php 0.000","","","1.00","cashier calamba","","",""
"ActionsToggle Dropdown ViewNew Sale Notification","09/27/2026 14:01","2026-51302","MICHELLE ANN BELLEZA","09260789371","PC ALLEY CALAMBA LAGUNA","Paid","Cash","Php 3,000.000","Php 3,000.000","Php 0.000","","","4.00","cashier calamba","","",""
"ActionsToggle Dropdown ViewNew Sale Notification","09/27/2026 11:35","2026-51324","EVANGELINE M. SORIANO","09914856391","PC ALLEY CALAMBA LAGUNA","Paid","Cash","Php 31,195.000","Php 31,195.000","Php 0.000","","","5.00","cashier calamba","","",""
"ActionsToggle Dropdown ViewNew Sale Notification","09/27/2026 11:10","2026-51360","NOMAR JAY G. DELA CRUZ","09636027300","PC ALLEY CALAMBA LAGUNA","Paid","Cash","Php 1,000.000","Php 1,000.000","Php 0.000","","","1.00","cashier calamba","","",""
"ActionsToggle Dropdown ViewNew Sale Notification","09/27/2026 10:15","2026-51289","NGA SYSTEMS AND TECHONOLOGIES","09391010875","PC ALLEY CALAMBA LAGUNA","Paid","Cash","Php 125.000","Php 125.000","Php 0.000","","","1.00","cashier calamba","","",""
"ActionsToggle Dropdown ViewNew Sale Notification","09/26/2026 19:45","2026-51284","ARVEE VERGARA","09163849866","PC ALLEY CALAMBA LAGUNA","Paid","Cash","Php 3,300.000","Php 3,300.000","Php 0.000","","","1.00","cashier calamba","","",""
"ActionsToggle Dropdown ViewNew Sale Notification","09/26/2026 19:05","2026-51283","ROBIN M. VIBAR","09304828055","PC ALLEY CALAMBA LAGUNA","Paid","Cash","Php 20,450.000","Php 20,450.000","Php 0.000","","","12.00","cashier calamba","","",""
"ActionsToggle Dropdown ViewNew Sale Notification","09/26/2026 15:51","2026-51279","RONALD JAN PETERO","09051658706","PC ALLEY CALAMBA LAGUNA","Paid","Cash","Php 20,400.000","Php 20,400.000","Php 0.000","","","4.00","cashier calamba","","",""
"ActionsToggle Dropdown ViewNew Sale Notification","09/26/2026 15:06","2026-51278","CENOY ZOLETA","09304056197","PC ALLEY CALAMBA LAGUNA","Paid","Cash","Php 20,000.000","Php 20,000.000","Php 0.000","","","3.00","cashier calamba","","",""
"ActionsToggle Dropdown ViewNew Sale Notification","09/26/2026 14:42","2026-51255","JOSE MARI ODIMER","09453695024","PC ALLEY CALAMBA LAGUNA","Paid","Cash","Php 600.000","Php 600.000","Php 0.000","","","1.00","cashier calamba","","",""
"ActionsToggle Dropdown ViewNew Sale Notification","09/26/2026 13:43","2026-51262","MARY ROSE VILLAMIN SALCEDO","09363427146","PC ALLEY CALAMBA LAGUNA","Paid","Cash","Php 39,300.000","Php 39,300.000","Php 0.000","","","4.00","cashier calamba","","",""
"ActionsToggle Dropdown ViewNew Sale Notification","09/26/2026 11:00","2026-51256","LEMUEL GARCIA","09206655828","PC ALLEY CALAMBA LAGUNA","Paid","Cash","Php 38,000.000","Php 38,000.000","Php 0.000","","","1.00","cashier calamba","","",""
"ActionsToggle Dropdown ViewNew Sale Notification","09/25/2026 16:20","2026-51218","ROQUE JUDE FLORESCA","09629318515","PC ALLEY CALAMBA LAGUNA","Paid","Cash","Php 200.000","Php 200.000","Php 0.000","","","1.00","cashier calamba","","",""
"ActionsToggle Dropdown ViewNew Sale Notification","09/25/2026 10:39","2026-51210","RICARDO MERCADO","09174264346","PC ALLEY CALAMBA LAGUNA","Paid","Cash","Php 1,800.000","Php 1,800.000","Php 0.000","","","2.00","cashier calamba","","",""
"ActionsToggle Dropdown ViewNew Sale Notification","09/24/2026 20:14","2026-51194","Walk-In Customer","","PC ALLEY CALAMBA LAGUNA","Paid","Cash","Php 50.000","Php 50.000","Php 0.000","","","1.00","cashier calamba","","",""
"ActionsToggle Dropdown ViewNew Sale Notification","09/24/2026 19:36","2026-51193","Arvin Buslon","***********","PC ALLEY CALAMBA LAGUNA","Paid","Cash","Php 1,500.000","Php 1,500.000","Php 0.000","","","1.00","cashier calamba","","",""
"ActionsToggle Dropdown ViewNew Sale Notification","09/24/2026 19:29","2026-51191","FREDERICK PARSALIGAN","09067833812","PC ALLEY CALAMBA LAGUNA","Paid","Cash","Php 19,400.000","Php 19,400.000","Php 0.000","","","12.00","cashier calamba","","",""
"ActionsToggle Dropdown ViewNew Sale Notification","09/24/2026 19:06","2026-51192","JAMES LUIS GO","09359441149","PC ALLEY CALAMBA LAGUNA","Paid","Cash","Php 25,450.000","Php 25,450.000","Php 0.000","","","13.00","cashier calamba","","",""
"ActionsToggle Dropdown ViewNew Sale Notification","09/24/2026 16:24","2026-51187","ALEXIS GUINTO","09391891619","PC ALLEY CALAMBA LAGUNA","Paid","Cash","Php 32,909.000","Php 32,909.000","Php 0.000","","","14.00","cashier calamba","","",""
"ActionsToggle Dropdown ViewNew Sale Notification","09/24/2026 16:17","2026-51174","GRAND ARCH BUILD","09267473532","PC ALLEY CALAMBA LAGUNA","Paid","Cash","Php 1,110.000","Php 1,110.000","Php 0.000","","","3.00","cashier calamba","","",""
"ActionsToggle Dropdown ViewNew Sale Notification","09/24/2026 14:52","2026-51176","ARVEE VERGARA","09163849866","PC ALLEY CALAMBA LAGUNA","Paid","Cash","Php 4,000.000","Php 4,000.000","Php 0.000","","","2.00","cashier calamba","","",""
"ActionsToggle Dropdown ViewNew Sale Notification","09/24/2026 13:59","2026-51161","ERIC FLORITA","09394693302","PC ALLEY CALAMBA LAGUNA","Paid","Cash","Php 1,900.000","Php 1,900.000","Php 0.000","","","2.00","cashier calamba","","",""
"ActionsToggle Dropdown ViewNew Sale Notification","09/24/2026 11:40","2026-51175","AED CONTRUCTION SERVICES","09277645211","PC ALLEY CALAMBA LAGUNA","Paid","Cash","Php 9,000.000","Php 9,000.000","Php 0.000","","","2.00","cashier calamba","","",""
"ActionsToggle Dropdown ViewNew Sale Notification","09/24/2026 10:13","2026-51160","ROMMEL LABIANO","09209938949","PC ALLEY CALAMBA LAGUNA","Paid","Cash","Php 4,300.000","Php 4,300.000","Php 0.000","","","1.00","cashier calamba","","",""
"ActionsToggle Dropdown ViewNew Sale Notification","09/23/2026 18:23","2026-51138","TAKA B. SUGANA","09759284263","PC ALLEY CALAMBA LAGUNA","Paid","Cash","Php 25,450.000","Php 25,450.000","Php 0.000","","","13.00","cashier calamba","","",""
"ActionsToggle Dropdown ViewNew Sale Notification","09/23/2026 16:50","2026-51134","JOMEL L. MANGAMPO","09289419235","PC ALLEY CALAMBA LAGUNA","Paid","Cash","Php 29,950.000","Php 29,950.000","Php 0.000","","","13.00","cashier calamba","","",""
"ActionsToggle Dropdown ViewNew Sale Notification","09/23/2026 16:35","2026-51127","LIZA P. OLIVEROS","09703317944","PC ALLEY CALAMBA LAGUNA","Paid","Cash","Php 15,950.000","Php 15,950.000","Php 0.000","","","12.00","cashier calamba","","",""
"ActionsToggle Dropdown ViewNew Sale Notification","09/23/2026 16:06","2026-51124","JAN LYNDON LOGRONIO","09053027060","PC ALLEY CALAMBA LAGUNA","Paid","Cash","Php 450.000","Php 450.000","Php 0.000","","","1.00","cashier calamba","","",""
"ActionsToggle Dropdown ViewNew Sale Notification","09/23/2026 15:53","2026-51117","ALEXANDER CHIOCO","09395285232","PC ALLEY CALAMBA LAGUNA","Paid","Cash","Php 500.000","Php 500.000","Php 0.000","","","1.00","cashier calamba","","",""
"ActionsToggle Dropdown ViewNew Sale Notification","09/23/2026 14:59","2026-51143","JOMARI SAMSON","09353956241","PC ALLEY CALAMBA LAGUNA","Paid","Cash","Php 10,200.000","Php 10,200.000","Php 0.000","","","2.00","cashier calamba","","",""
"ActionsToggle Dropdown ViewNew Sale Notification","09/23/2026 14:48","2026-51103","SOUTH ASIALINK FINANCE CORPORTATION,","09627430034","PC ALLEY CALAMBA LAGUNA","Paid","Cash","Php 350.000","Php 350.000","Php 0.000","","","2.00","cashier calamba","","",""
"ActionsToggle Dropdown ViewNew Sale Notification","09/23/2026 10:19","2026-51104","JERHSON SAN PEDRO","09338159161","PC ALLEY CALAMBA LAGUNA","Paid","Cash","Php 3,090.000","Php 3,090.000","Php 0.000","","","1.00","cashier calamba","","",""
"ActionsToggle Dropdown ViewNew Sale Notification","09/22/2026 18:30","2026-51077","CHRISTOPHER DADO","09566994105","PC ALLEY CALAMBA LAGUNA","Paid","Cash","Php 18,500.000","Php 18,500.000","Php 0.000","","","12.00","cashier calamba","","",""
"ActionsToggle Dropdown ViewNew Sale Notification","09/22/2026 17:03","2026-51074","ARLENE PABICO","09304295072","PC ALLEY CALAMBA LAGUNA","Paid","Cash","Php 70,995.000","Php 70,995.000","Php 0.000","","","3.00","cashier calamba","","",""
"ActionsToggle Dropdown ViewNew Sale Notification","09/22/2026 16:41","2026-51058","RJ JARILLA","09770137963","PC ALLEY CALAMBA LAGUNA","Paid","Cash","Php 1,500.000","Php 1,500.000","Php 0.000","","","1.00","cashier calamba","","",""
"ActionsToggle Dropdown ViewNew Sale Notification","09/22/2026 16:01","2026-51056","KEEM INDUSTRIAL TOOL SUPPLY","000282299671","PC ALLEY CALAMBA LAGUNA","Paid","Cash","Php 1,300.000","Php 1,300.000","Php 0.000","","","1.00","cashier calamba","","",""
"ActionsToggle Dropdown ViewNew Sale Notification","09/22/2026 15:53","2026-51050","NIÑO AGUILAR","00000922261","PC ALLEY CALAMBA LAGUNA","Paid","Cash","Php 2,000.000","Php 2,000.000","Php 0.000","","","1.00","cashier calamba","","",""
"ActionsToggle Dropdown ViewNew Sale Notification","09/22/2026 11:07","2026-51049","JOSHUA SOLIVEN","09913448589","PC ALLEY CALAMBA LAGUNA","Paid","Cash","Php 7,950.000","Php 7,950.000","Php 0.000","","","5.00","cashier calamba","","",""
"ActionsToggle Dropdown ViewNew Sale Notification","09/21/2026 19:35","2026-51035","Reynaldo N Mayuga Jr","09420380992","PC ALLEY CALAMBA LAGUNA","Paid","Cash","Php 119,780.000","Php 119,780.000","Php 0.000","","","19.00","cashier calamba","","",""
"ActionsToggle Dropdown ViewNew Sale Notification","09/21/2026 19:21","2026-51032","JINA CARLA BEUNAVENTURA","09171815403","PC ALLEY CALAMBA LAGUNA","Paid","Cash","Php 39,050.000","Php 39,050.000","Php 0.000","","","7.00","cashier calamba","","",""
"ActionsToggle Dropdown ViewNew Sale Notification","09/21/2026 19:02","2026-51030","Walk-In Customer","","PC ALLEY CALAMBA LAGUNA","Paid","Cash","Php 900.000","Php 900.000","Php 0.000","","","2.00","cashier calamba","","",""
"ActionsToggle Dropdown ViewNew Sale Notification","09/21/2026 18:51","2026-51028","JHOANA ERIKA AUSTRIA","0918406441","PC ALLEY CALAMBA LAGUNA","Paid","Cash","Php 37,500.000","Php 37,500.000","Php 0.000","","","3.00","cashier calamba","","",""
"ActionsToggle Dropdown ViewNew Sale Notification","09/21/2026 18:50","2026-51029","Walk-In Customer","","PC ALLEY CALAMBA LAGUNA","Paid","Cash","Php 300.000","Php 300.000","Php 0.000","","","1.00","cashier calamba","","",""
"ActionsToggle Dropdown ViewNew Sale Notification","09/21/2026 18:29","2026-51033","ARLINAE ORELLA","09156464587","PC ALLEY CALAMBA LAGUNA","Paid","Cash","Php 8,900.000","Php 8,900.000","Php 0.000","","","1.00","cashier calamba","","",""
"ActionsToggle Dropdown ViewNew Sale Notification","09/21/2026 15:40","2026-51027","RONALYN VERGARA","09156238931","PC ALLEY CALAMBA LAGUNA","Paid","Cash","Php 450.000","Php 450.000","Php 0.000","","","1.00","cashier calamba","","",""
"ActionsToggle Dropdown ViewNew Sale Notification","09/21/2026 12:39","2026-51026","DAN DELA PENA","09479806897","PC ALLEY CALAMBA LAGUNA","Paid","Cash","Php 760.000","Php 760.000","Php 0.000","","","2.00","cashier calamba","","",""
"ActionsToggle Dropdown ViewNew Sale Notification","09/21/2026 12:00","2026-51024","FRANCO""S HAVEN RESORT","09978443743","PC ALLEY CALAMBA LAGUNA","Paid","Cash","Php 700.000","Php 700.000","Php 0.000","","","1.00","cashier calamba","","",""
"ActionsToggle Dropdown ViewNew Sale Notification","09/20/2026 18:33","2026-50981","GIL PANAGSAGAN","09105477580","PC ALLEY CALAMBA LAGUNA","Paid","Cash","Php 37,995.000","Php 37,995.000","Php 0.000","","","4.00","cashier calamba","","",""
"ActionsToggle Dropdown ViewNew Sale Notification","09/20/2026 18:03","2026-50969","CHRISTIAN MAE VILLANUEVA","09624762126","PC ALLEY CALAMBA LAGUNA","Paid","Cash","Php 500.000","Php 500.000","Php 0.000","","","1.00","cashier calamba","","",""
"ActionsToggle Dropdown ViewNew Sale Notification","09/20/2026 17:06","2026-50966","QUINBERT JOHN CAWALING","09953460717","PC ALLEY CALAMBA LAGUNA","Paid","Cash","Php 150.000","Php 150.000","Php 0.000","","","1.00","cashier calamba","","",""
"ActionsToggle Dropdown ViewNew Sale Notification","09/20/2026 17:03","2026-50957","EMMANUEL R. ARGUELLES BLK29 LOT1 GUYABANO ST. CERIS 3, CANLUBANG","09762903662","PC ALLEY CALAMBA LAGUNA","Paid","Cash","Php 1,200.000","Php 1,200.000","Php 0.000","","","2.00","cashier calamba","","",""
"ActionsToggle Dropdown ViewNew Sale Notification","09/20/2026 16:29","2026-50950","JESSIE VERANO","09060570759","PC ALLEY CALAMBA LAGUNA","Paid","Cash","Php 500.000","Php 500.000","Php 0.000","","","1.00","cashier calamba","","",""
"ActionsToggle Dropdown ViewNew Sale Notification","09/20/2026 10:57","2026-50971","RUDOLPH RIZZO ABAO","00000920261","PC ALLEY CALAMBA LAGUNA","Paid","Cash","Php 8,950.000","Php 8,950.000","Php 0.000","","","1.00","cashier calamba","","",""
"ActionsToggle Dropdown ViewNew Sale Notification","09/19/2026 19:14","2026-50908","Zirus Aragon","09916718777","PC ALLEY CALAMBA LAGUNA","Paid","Cash","Php 8,900.000","Php 8,900.000","Php 0.000","","","1.00","cashier calamba","","",""
"ActionsToggle Dropdown ViewNew Sale Notification","09/19/2026 18:23","2026-50902","MICASA","00000919261","PC ALLEY CALAMBA LAGUNA","Paid","Cash","Php 1,650.000","Php 1,650.000","Php 0.000","","","1.00","cashier calamba","","",""
"ActionsToggle Dropdown ViewNew Sale Notification","09/19/2026 18:20","2026-50901","LEAN COLLIN VILLANUEVA","09380486488","PC ALLEY CALAMBA LAGUNA","Paid","Cash","Php 500.000","Php 500.000","Php 0.000","","","1.00","cashier calamba","","",""
"ActionsToggle Dropdown ViewNew Sale Notification","09/19/2026 17:45","2026-50900","Reginaldo M. Orencia","09635088823","PC ALLEY CALAMBA LAGUNA","Paid","Cash","Php 21,950.000","Php 21,950.000","Php 0.000","","","10.00","cashier calamba","","",""
"ActionsToggle Dropdown ViewNew Sale Notification","09/19/2026 16:47","2026-50884","LEAN COLLIN VILLANUEVA","09380486488","PC ALLEY CALAMBA LAGUNA","Paid","Cash","Php 3,300.000","Php 3,300.000","Php 0.000","","","1.00","cashier calamba","","",""
"ActionsToggle Dropdown ViewNew Sale Notification","09/19/2026 15:02","2026-50881","FORM ASIA, INC.,","228-445-456-000","PC ALLEY CALAMBA LAGUNA","Paid","Cash","Php 8,969.200","Php 8,969.200","Php 0.000","","","1.00","cashier calamba","","",""
"ActionsToggle Dropdown ViewNew Sale Notification","09/19/2026 14:14","2026-50871","JOSHUA SARADIA","09953310341","PC ALLEY CALAMBA LAGUNA","Paid","Cash","Php 610.000","Php 610.000","Php 0.000","","","3.00","cashier calamba","","",""
"ActionsToggle Dropdown ViewNew Sale Notification","09/19/2026 11:15","2026-50866","ROYLAN ALARCON","09925698242","PC ALLEY CALAMBA LAGUNA","Paid","Cash","Php 200.000","Php 200.000","Php 0.000","","","1.00","cashier calamba","","",""
"ActionsToggle Dropdown ViewNew Sale Notification","09/19/2026 11:15","2026-50867","ROYLAN ALARCON","09925698242","PC ALLEY CALAMBA LAGUNA","Paid","Cash","Php 200.000","Php 200.000","Php 0.000","","","1.00","cashier calamba","","",""
"ActionsToggle Dropdown ViewNew Sale Notification","09/18/2026 18:41","2026-50846","KENKIM ENTERPRISES","154-427-172-000","PC ALLEY CALAMBA LAGUNA","Paid","Cash","Php 22,650.000","Php 22,650.000","Php 0.000","","","3.00","cashier calamba","","",""
"ActionsToggle Dropdown ViewNew Sale Notification","09/18/2026 12:58","2026-50843","ROGELIO D. PAWA JR.","09126648780","PC ALLEY CALAMBA LAGUNA","Paid","Cash","Php 41,000.000","Php 41,000.000","Php 0.000","","","12.00","cashier calamba","","",""
"ActionsToggle Dropdown ViewNew Sale Notification","09/18/2026 12:36","2026-50788","DEW CANTA","09061421418","PC ALLEY CALAMBA LAGUNA","Paid","Cash","Php 400.000","Php 400.000","Php 0.000","","","2.00","cashier calamba","","",""
"ActionsToggle Dropdown ViewNew Sale Notification","09/18/2026 12:21","2026-50830","TARZONA GENERAL MERCHANDIZER INC","00000112581","PC ALLEY CALAMBA LAGUNA","Paid","Cash","Php 2,000.000","Php 2,000.000","Php 0.000","","","1.00","cashier calamba","","",""
"ActionsToggle Dropdown ViewNew Sale Notification","09/18/2026 12:16","2026-50787","RONALD","09675618472","PC ALLEY CALAMBA LAGUNA","Paid","Cash","Php 30.000","Php 30.000","Php 0.000","","","1.00","cashier calamba","","",""
"ActionsToggle Dropdown ViewNew Sale Notification","09/18/2026 11:39","2026-50827","REJEN HAGAR D. MATAS","09957683424","PC ALLEY CALAMBA LAGUNA","Paid","Cash","Php 20,000.000","Php 20,000.000","Php 0.000","","","4.00","cashier calamba","","",""
"ActionsToggle Dropdown ViewNew Sale Notification","09/18/2026 10:03","2026-50828","THERMAPRIME DRILLING CORP","00000918261","PC ALLEY CALAMBA LAGUNA","Paid","Cash","Php 3,000.000","Php 3,000.000","Php 0.000","","","2.00","cashier calamba","","",""
"ActionsToggle Dropdown ViewNew Sale Notification","09/17/2026 20:02","2026-50776","Walk-In Customer","","PC ALLEY CALAMBA LAGUNA","Paid","Cash","Php 50.000","Php 50.000","Php 0.000","","","1.00","cashier calamba","","",""
"ActionsToggle Dropdown ViewNew Sale Notification","09/17/2026 19:53","2026-50775","HANNA POLIDARIO PADULLON","09662235847","PC ALLEY CALAMBA LAGUNA","Paid","Cash","Php 46,750.000","Php 46,750.000","Php 0.000","","","10.00","cashier calamba","","",""
"ActionsToggle Dropdown ViewNew Sale Notification","09/17/2026 18:32","2026-50777","RICA DASCO","09762493758","PC ALLEY CALAMBA LAGUNA","Paid","Cash","Php 17,300.000","Php 17,300.000","Php 0.000","","","3.00","cashier calamba","","",""
"ActionsToggle Dropdown ViewNew Sale Notification","09/17/2026 18:26","2026-50768","JUN BALDORADO","00000608261","PC ALLEY CALAMBA LAGUNA","Paid","Cash","Php 10,600.000","Php 10,600.000","Php 0.000","","","4.00","cashier calamba","","",""
"ActionsToggle Dropdown ViewNew Sale Notification","09/17/2026 18:24","2026-50767","JUN BALDORADO","00000608261","PC ALLEY CALAMBA LAGUNA","Paid","Cash","Php 700.000","Php 700.000","Php 0.000","","","1.00","cashier calamba","","",""
"ActionsToggle Dropdown ViewNew Sale Notification","09/17/2026 17:47","2026-50766","ANNA NAVARRO","09956548907","PC ALLEY CALAMBA LAGUNA","Paid","Cash","Php 700.000","Php 700.000","Php 0.000","","","1.00","cashier calamba","","",""
"ActionsToggle Dropdown ViewNew Sale Notification","09/17/2026 17:44","2026-50763","MICASIO M HIPOLITO JR.","09918963700","PC ALLEY CALAMBA LAGUNA","Paid","Cash","Php 20.000","Php 20.000","Php 0.000","","","1.00","cashier calamba","","",""
"ActionsToggle Dropdown ViewNew Sale Notification","09/17/2026 15:38","2026-50753","ALJO COLLECTION CLOTHING SHOP","00000409261","PC ALLEY CALAMBA LAGUNA","Paid","Cash","Php 1,500.000","Php 1,500.000","Php 0.000","","","2.00","cashier calamba","","",""
"ActionsToggle Dropdown ViewNew Sale Notification","09/17/2026 14:03","2026-50733","VANEZA ALPAJANDRO","09069110923","PC ALLEY CALAMBA LAGUNA","Paid","Cash","Php 600.000","Php 600.000","Php 0.000","","","1.00","cashier calamba","","",""
"ActionsToggle Dropdown ViewNew Sale Notification","09/17/2026 10:21","2026-50745","DANIEL PRINCIPE","09636422394","PC ALLEY CALAMBA LAGUNA","Paid","Cash","Php 11,700.000","Php 11,700.000","Php 0.000","","","2.00","cashier calamba","","",""
"ActionsToggle Dropdown ViewNew Sale Notification","09/16/2026 19:26","2026-50726","CED MANUEL/ CEZAR DANIEL CUEVA MANUEL","09634899051","PC ALLEY CALAMBA LAGUNA","Paid","Cash","Php 48,890.000","Php 48,890.000","Php 0.000","","","10.00","cashier calamba","","",""
"ActionsToggle Dropdown ViewNew Sale Notification","09/16/2026 19:14","2026-50720","AZON TORRES","00000916261","PC ALLEY CALAMBA LAGUNA","Paid","Cash","Php 300.000","Php 300.000","Php 0.000","","","1.00","cashier calamba","","",""
"ActionsToggle Dropdown ViewNew Sale Notification","09/16/2026 18:59","2026-50721","MARVELOUS GRACE FLORES","09516772403","PC ALLEY CALAMBA LAGUNA","Paid","Cash","Php 27,450.000","Php 27,450.000","Php 0.000","","","14.00","cashier calamba","","",""
"ActionsToggle Dropdown ViewNew Sale Notification","09/16/2026 17:32","2026-50717","PAMANA MEDICAL CENTER","09773058658","PC ALLEY CALAMBA LAGUNA","Paid","Cash","Php 9,000.000","Php 9,000.000","Php 0.000","","","2.00","cashier calamba","","",""
"ActionsToggle Dropdown ViewNew Sale Notification","09/16/2026 16:52","2026-50713","BERNARD OBOSA","09913388467","PC ALLEY CALAMBA LAGUNA","Paid","Cash","Php 20,950.000","Php 20,950.000","Php 0.000","","","11.00","cashier calamba","","",""
"ActionsToggle Dropdown ViewNew Sale Notification","09/16/2026 16:48","2026-50715","LEVY PADRIGAMO","09661369002","PC ALLEY CALAMBA LAGUNA","Paid","Cash","Php 3,400.000","Php 3,400.000","Php 0.000","","","2.00","cashier calamba","","",""
"ActionsToggle Dropdown ViewNew Sale Notification","09/16/2026 16:34","2026-50704","KEVIN BARIAS CALAUAN LAGUNA","0945-973-1833","PC ALLEY CALAMBA LAGUNA","Paid","Cash","Php 1,300.000","Php 1,300.000","Php 0.000","","","1.00","cashier calamba","","",""
"ActionsToggle Dropdown ViewNew Sale Notification","09/16/2026 15:51","2026-50701","MARK LAWAS","09169088063","PC ALLEY CALAMBA LAGUNA","Paid","Cash","Php 3,000.000","Php 3,000.000","Php 0.000","","","2.00","cashier calamba","","",""
"ActionsToggle Dropdown ViewNew Sale Notification","09/16/2026 14:54","2026-50696","ABDALLA BALYOUNY","09050102524","PC ALLEY CALAMBA LAGUNA","Paid","Cash","Php 200.000","Php 200.000","Php 0.000","","","1.00","cashier calamba","","",""
"ActionsToggle Dropdown ViewNew Sale Notification","09/16/2026 13:16","2026-50705","LAGUNA CARPARTS MFG., INC,","232-495-196-000","PC ALLEY CALAMBA LAGUNA","Paid","Cash","Php 1,783.930","Php 1,783.930","Php 0.000","","","2.00","cashier calamba","","",""
"ActionsToggle Dropdown ViewNew Sale Notification","09/16/2026 12:24","2026-50677","BP INTEGRATED TECHNOLOGIES INC.","09176202892","PC ALLEY CALAMBA LAGUNA","Paid","Cash","Php 500.000","Php 500.000","Php 0.000","","","1.00","cashier calamba","","",""
"ActionsToggle Dropdown ViewNew Sale Notification","09/16/2026 10:42","2026-50678","Walk-In Customer","","PC ALLEY CALAMBA LAGUNA","Paid","Cash","Php 160.000","Php 160.000","Php 0.000","","","2.00","cashier calamba","","",""
"ActionsToggle Dropdown ViewNew Sale Notification","09/16/2026 10:21","2026-50679","TEETH HEALTH CORNER DENTAL CLINIC","09154357859","PC ALLEY CALAMBA LAGUNA","Paid","Cash","Php 250.000","Php 250.000","Php 0.000","","","1.00","cashier calamba","","",""
"ActionsToggle Dropdown ViewNew Sale Notification","09/15/2026 18:12","2026-50663","MARANATHA CHRISTIAN ACADEMY","09569564439","PC ALLEY CALAMBA LAGUNA","Paid","Cash","Php 8,500.000","Php 8,500.000","Php 0.000","","","3.00","cashier calamba","","",""
"ActionsToggle Dropdown ViewNew Sale Notification","09/15/2026 16:59","2026-50658","GRACE FAMINIAL","09930217704","PC ALLEY CALAMBA LAGUNA","Paid","Cash","Php 20,000.000","Php 20,000.000","Php 0.000","","","2.00","cashier calamba","","",""
"ActionsToggle Dropdown ViewNew Sale Notification","09/15/2026 16:04","2026-50646","ELLER ALDANA","0910643569","PC ALLEY CALAMBA LAGUNA","Paid","Cash","Php 2,800.000","Php 2,800.000","Php 0.000","","","1.00","cashier calamba","","",""
"ActionsToggle Dropdown ViewNew Sale Notification","09/15/2026 15:17","2026-50641","JERRY APOGASA","09287866456","PC ALLEY CALAMBA LAGUNA","Paid","Cash","Php 450.000","Php 450.000","Php 0.000","","","1.00","cashier calamba","","",""
"ActionsToggle Dropdown ViewNew Sale Notification","09/15/2026 15:08","2026-50639","CHRISTOPHER MICHAEL LACAP","09915451036","PC ALLEY CALAMBA LAGUNA","Paid","Cash","Php 700.000","Php 700.000","Php 0.000","","","1.00","cashier calamba","","",""
"ActionsToggle Dropdown ViewNew Sale Notification","09/15/2026 12:56","2026-50638","ALLAN BUENAVISTA","09194691334","PC ALLEY CALAMBA LAGUNA","Paid","Cash","Php 200.000","Php 200.000","Php 0.000","","","1.00","cashier calamba","","",""
"ActionsToggle Dropdown ViewNew Sale Notification","09/15/2026 12:53","2026-50650","PAUL AUSTRIA","09184610788","PC ALLEY CALAMBA LAGUNA","Paid","Cash","Php 11,300.000","Php 11,300.000","Php 0.000","","","4.00","cashier calamba","","",""
"ActionsToggle Dropdown ViewNew Sale Notification","09/14/2026 18:41","2026-50607","RYAN LANTIN","09491771280","PC ALLEY CALAMBA LAGUNA","Paid","Cash","Php 15,646.000","Php 15,646.000","Php 0.000","","","6.00","cashier calamba","","",""
"ActionsToggle Dropdown ViewNew Sale Notification","09/14/2026 18:03","2026-50603","RAYVER DE LEON","09611191482","PC ALLEY CALAMBA LAGUNA","Paid","Cash","Php 5,700.000","Php 5,700.000","Php 0.000","","","2.00","cashier calamba","","",""
"ActionsToggle Dropdown ViewNew Sale Notification","09/14/2026 17:58","2026-50589","Walk-In Customer","","PC ALLEY CALAMBA LAGUNA","Paid","Cash","Php 85.000","Php 85.000","Php 0.000","","","2.00","cashier calamba","","",""
"ActionsToggle Dropdown ViewNew Sale Notification","09/14/2026 17:31","2026-50585","JERRY","09185649213","PC ALLEY CALAMBA LAGUNA","Paid","Cash","Php 1,000.000","Php 1,000.000","Php 0.000","","","1.00","cashier calamba","","",""
"ActionsToggle Dropdown ViewNew Sale Notification","09/14/2026 15:12","2026-50590","MARLON BARAYUGA","09919486261","PC ALLEY CALAMBA LAGUNA","Paid","Cash","Php 27,495.000","Php 27,495.000","Php 0.000","","","2.00","cashier calamba","","",""
"ActionsToggle Dropdown ViewNew Sale Notification","09/14/2026 14:51","2026-50586","FADE TO BLACK PRINTING PRESS","09278873916","PC ALLEY CALAMBA LAGUNA","Paid","Cash","Php 650.000","Php 650.000","Php 0.000","","","1.00","cashier calamba","","",""
"ActionsToggle Dropdown ViewNew Sale Notification","09/14/2026 14:50","2026-50561","JAMES GARCIA","00000914261","PC ALLEY CALAMBA LAGUNA","Paid","Cash","Php 150.000","Php 150.000","Php 0.000","","","1.00","cashier calamba","","",""
"ActionsToggle Dropdown ViewNew Sale Notification","09/14/2026 14:47","2026-50558","GILBERT MANALO","09914803314","PC ALLEY CALAMBA LAGUNA","Paid","Cash","Php 600.000","Php 600.000","Php 0.000","","","1.00","cashier calamba","","",""
"ActionsToggle Dropdown ViewNew Sale Notification","09/14/2026 11:21","2026-50587","PJMD Enterprises Inc / Prince Junino Dycaico","09668438838","PC ALLEY CALAMBA LAGUNA","Paid","Cash","Php 2,450.000","Php 2,450.000","Php 0.000","","","1.00","cashier calamba","","",""
"ActionsToggle Dropdown ViewNew Sale Notification","09/13/2026 16:53","2026-50524","MARK JACOB D. DUAN","09460414259","PC ALLEY CALAMBA LAGUNA","Paid","Cash","Php 37,995.000","Php 37,995.000","Php 0.000","","","3.00","cashier calamba","","",""
"ActionsToggle Dropdown ViewNew Sale Notification","09/13/2026 16:49","2026-50507","THEA MIKAELA P. AFRICA","09065484404","PC ALLEY CALAMBA LAGUNA","Paid","Cash","Php 300.000","Php 300.000","Php 0.000","","","1.00","cashier calamba","","",""
"ActionsToggle Dropdown ViewNew Sale Notification","09/13/2026 16:46","2026-50512","ELLER ALDANA","0910643569","PC ALLEY CALAMBA LAGUNA","Paid","Cash","Php 5,700.000","Php 5,700.000","Php 0.000","","","1.00","cashier calamba","","",""
"ActionsToggle Dropdown ViewNew Sale Notification","09/13/2026 16:41","2026-50518","CELESTINO BERMILLO","09951876758","PC ALLEY CALAMBA LAGUNA","Paid","Cash","Php 17,495.000","Php 17,495.000","Php 0.000","","","2.00","cashier calamba","","",""
"ActionsToggle Dropdown ViewNew Sale Notification","09/13/2026 15:54","2026-50502","APRIL ROSE MULINGBAYAN","09430646535","PC ALLEY CALAMBA LAGUNA","Paid","Cash","Php 1,600.000","Php 1,600.000","Php 0.000","","","1.00","cashier calamba","","",""
"ActionsToggle Dropdown ViewNew Sale Notification","09/13/2026 15:27","2026-50514","JERWIN F. DIZON","09958951487","PC ALLEY CALAMBA LAGUNA","Paid","Cash","Php 31,995.000","Php 31,995.000","Php 0.000","","","4.00","cashier calamba","","",""
"ActionsToggle Dropdown ViewNew Sale Notification","09/13/2026 13:34","2026-50487","JOHN MARC T. BANDIOLA","09156624682","PC ALLEY CALAMBA LAGUNA","Paid","Cash","Php 7,200.000","Php 7,200.000","Php 0.000","","","2.00","cashier calamba","","",""
"ActionsToggle Dropdown ViewNew Sale Notification","09/13/2026 12:34","2026-50477","JUAN CARLOS B. CALDERON","09361090121","PC ALLEY CALAMBA LAGUNA","Paid","Cash","Php 450.000","Php 450.000","Php 0.000","","","1.00","cashier calamba","","",""
"ActionsToggle Dropdown ViewNew Sale Notification","09/13/2026 12:01","2026-50470","KARL GABRIELLE P. SOMERA","09951993233","PC ALLEY CALAMBA LAGUNA","Paid","Cash","Php 4,550.000","Php 4,550.000","Php 0.000","","","3.00","cashier calamba","","",""
"ActionsToggle Dropdown ViewNew Sale Notification","09/12/2026 19:14","2026-50454","Walk-In Customer","","PC ALLEY CALAMBA LAGUNA","Paid","Cash","Php 175.000","Php 175.000","Php 0.000","","","2.00","cashier calamba","","",""
"ActionsToggle Dropdown ViewNew Sale Notification","09/12/2026 19:00","2026-50450","JOSHUA AQUINO","09569488645","PC ALLEY CALAMBA LAGUNA","Paid","Cash","Php 4,100.000","Php 4,100.000","Php 0.000","","","2.00","cashier calamba","","",""
"ActionsToggle Dropdown ViewNew Sale Notification","09/12/2026 18:41","2026-50449","DREW ERISMO","09060525345","PC ALLEY CALAMBA LAGUNA","Paid","Cash","Php 2,100.000","Php 2,100.000","Php 0.000","","","1.00","cashier calamba","","",""
"ActionsToggle Dropdown ViewNew Sale Notification","09/12/2026 18:14","2026-50445","ERICA MAE PAJE","09307121718","PC ALLEY CALAMBA LAGUNA","Paid","Cash","Php 33,100.000","Php 33,100.000","Php 0.000","","","14.00","cashier calamba","","",""
"ActionsToggle Dropdown ViewNew Sale Notification","09/12/2026 16:14","2026-50436","FORM ASIA, INC.,","228-445-456-000","PC ALLEY CALAMBA LAGUNA","Paid","Cash","Php 28,990.000","Php 28,990.000","Php 0.000","","","4.00","cashier calamba","","",""
"ActionsToggle Dropdown ViewNew Sale Notification","09/12/2026 15:53","2026-50404","JOEMAR GRANZORI","09089025432","PC ALLEY CALAMBA LAGUNA","Paid","Cash","Php 2,000.000","Php 2,000.000","Php 0.000","","","2.00","cashier calamba","","",""
"ActionsToggle Dropdown ViewNew Sale Notification","09/12/2026 15:46","2026-50407","LEIDELYN N. PAQUITA","09667280040","PC ALLEY CALAMBA LAGUNA","Paid","Cash","Php 30,500.000","Php 30,500.000","Php 0.000","","","15.00","cashier calamba","","",""
"ActionsToggle Dropdown ViewNew Sale Notification","09/12/2026 15:44","2026-50401","JOHN MARK R. LAJARCA","09663681787","PC ALLEY CALAMBA LAGUNA","Paid","Cash","Php 6,200.000","Php 6,200.000","Php 0.000","","","1.00","cashier calamba","","",""
"ActionsToggle Dropdown ViewNew Sale Notification","09/12/2026 15:24","2026-50400","JOHN REY","09493505836","PC ALLEY CALAMBA LAGUNA","Paid","Cash","Php 900.000","Php 900.000","Php 0.000","","","1.00","cashier calamba","","",""
"ActionsToggle Dropdown ViewNew Sale Notification","09/12/2026 14:24","2026-50396","MICHAEL JOHN A. ROXAS","09162035770","PC ALLEY CALAMBA LAGUNA","Paid","Cash","Php 500.000","Php 500.000","Php 0.000","","","1.00","cashier calamba","","",""
"ActionsToggle Dropdown ViewNew Sale Notification","09/12/2026 14:07","2026-50390","APRIL ROSE MULINGBAYAN","09430646535","PC ALLEY CALAMBA LAGUNA","Paid","Cash","Php 5,900.000","Php 5,900.000","Php 0.000","","","2.00","cashier calamba","","",""
"ActionsToggle Dropdown ViewNew Sale Notification","09/12/2026 12:48","2026-50392","WELLJOB SOLUTIONS AND GENERAL SERVICES INC.","09108016399","PC ALLEY CALAMBA LAGUNA","Paid","Cash","Php 200.000","Php 200.000","Php 0.000","","","1.00","cashier calamba","","",""
"ActionsToggle Dropdown ViewNew Sale Notification","09/12/2026 11:08","2026-50451","RAND JOSHUA TAGLE","09516029650","PC ALLEY CALAMBA LAGUNA","Paid","Cash","Php 28,100.000","Php 28,100.000","Php 0.000","","","4.00","cashier calamba","","",""
"ActionsToggle Dropdown ViewNew Sale Notification","09/11/2026 20:00","2026-50375","JERIC ALLEN Q. ARELLANO","09158494849","PC ALLEY CALAMBA LAGUNA","Paid","Cash","Php 4,000.000","Php 4,000.000","Php 0.000","","","2.00","cashier calamba","","",""
"ActionsToggle Dropdown ViewNew Sale Notification","09/11/2026 19:31","2026-50376","JERRY B. APOSAGA","09287866456","PC ALLEY CALAMBA LAGUNA","Paid","Cash","Php 21,645.000","Php 21,645.000","Php 0.000","","","15.00","cashier calamba","","",""
"ActionsToggle Dropdown ViewNew Sale Notification","09/11/2026 17:35","2026-50373","RENZ SILVA","000000911261","PC ALLEY CALAMBA LAGUNA","Paid","Cash","Php 4,500.000","Php 4,500.000","Php 0.000","","","2.00","cashier calamba","","",""
"ActionsToggle Dropdown ViewNew Sale Notification","09/11/2026 17:10","2026-50354","DANTE A. MARQUEZ","09207981731","PC ALLEY CALAMBA LAGUNA","Paid","Cash","Php 32,200.000","Php 32,200.000","Php 0.000","","","15.00","cashier calamba","","",""
"ActionsToggle Dropdown ViewNew Sale Notification","09/11/2026 16:06","2026-50348","Walk-In Customer","","PC ALLEY CALAMBA LAGUNA","Paid","Cash","Php 75.000","Php 75.000","Php 0.000","","","2.00","cashier calamba","","",""
"ActionsToggle Dropdown ViewNew Sale Notification","09/11/2026 15:26","2026-50343","JAYSON B. BAUTISTA","8408","PC ALLEY CALAMBA LAGUNA","Paid","Cash","Php 850.000","Php 850.000","Php 0.000","","","2.00","cashier calamba","","",""
"ActionsToggle Dropdown ViewNew Sale Notification","09/11/2026 14:26","2026-50337","EMMANUEL TALPLACIDO","09947585991","PC ALLEY CALAMBA LAGUNA","Paid","Cash","Php 500.000","Php 500.000","Php 0.000","","","1.00","cashier calamba","","",""
"ActionsToggle Dropdown ViewNew Sale Notification","09/11/2026 14:06","2026-50333","MR. ROBY DOMINGO","0927 295 3359","PC ALLEY CALAMBA LAGUNA","Paid","Cash","Php 9,000.000","Php 9,000.000","Php 0.000","","","1.00","cashier calamba","","",""
"ActionsToggle Dropdown ViewNew Sale Notification","09/11/2026 14:05","2026-50330","Walk-In Customer","","PC ALLEY CALAMBA LAGUNA","Paid","Cash","Php 800.000","Php 800.000","Php 0.000","","","2.00","cashier calamba","","",""
"ActionsToggle Dropdown ViewNew Sale Notification","09/11/2026 14:04","2026-50329","Walk-In Customer","","PC ALLEY CALAMBA LAGUNA","Paid","Cash","Php 400.000","Php 400.000","Php 0.000","","","1.00","cashier calamba","","",""
"ActionsToggle Dropdown ViewNew Sale Notification","09/11/2026 12:33","2026-50356","ATP 23 INTERNATIONAL CORP.","09622025803","PC ALLEY CALAMBA LAGUNA","Paid","Cash","Php 15,000.000","Php 15,000.000","Php 0.000","","","1.00","cashier calamba","","",""
"ActionsToggle Dropdown ViewNew Sale Notification","09/11/2026 10:18","2026-50320","MR JAYSON TESORO **CASH**","09254578763","PC ALLEY CALAMBA LAGUNA","Paid","Cash","Php 3,700.000","Php 3,700.000","Php 0.000","","","1.00","cashier calamba","","",""
"ActionsToggle Dropdown ViewNew Sale Notification","09/10/2026 18:28","2026-50308","MARVYLE BALINO REAL CALAMBA","0966-955-8561","PC ALLEY CALAMBA LAGUNA","Paid","Cash","Php 7,700.000","Php 7,700.000","Php 0.000","","","3.00","cashier calamba","","",""
"ActionsToggle Dropdown ViewNew Sale Notification","09/10/2026 18:23","2026-50307","NESTOR SANTOS","09178074712","PC ALLEY CALAMBA LAGUNA","Paid","Cash","Php 36,800.000","Php 36,800.000","Php 0.000","","","11.00","cashier calamba","","",""
"ActionsToggle Dropdown ViewNew Sale Notification","09/10/2026 18:22","2026-50305","CHESTER PERNES","09206249820","PC ALLEY CALAMBA LAGUNA","Paid","Cash","Php 390.000","Php 390.000","Php 0.000","","","3.00","cashier calamba","","",""
"ActionsToggle Dropdown ViewNew Sale Notification","09/10/2026 17:54","2026-50302","CHESTER PERNES","09206249820","PC ALLEY CALAMBA LAGUNA","Paid","Cash","Php 6,500.000","Php 6,500.000","Php 0.000","","","1.00","cashier calamba","","",""
"ActionsToggle Dropdown ViewNew Sale Notification","09/10/2026 14:55","2026-50295","ARLAN","09938327690","PC ALLEY CALAMBA LAGUNA","Paid","Cash","Php 850.000","Php 850.000","Php 0.000","","","2.00","cashier calamba","","",""
"ActionsToggle Dropdown ViewNew Sale Notification","09/10/2026 14:31","2026-50276","MARIE SALOMAY","00000910261","PC ALLEY CALAMBA LAGUNA","Paid","Cash","Php 400.000","Php 400.000","Php 0.000","","","2.00","cashier calamba","","",""
"ActionsToggle Dropdown ViewNew Sale Notification","09/10/2026 11:03","2026-50274","ANNALIZA GALARIO","09956548907","PC ALLEY CALAMBA LAGUNA","Paid","Cash","Php 1,450.000","Php 1,450.000","Php 0.000","","","2.00","cashier calamba","","",""
"ActionsToggle Dropdown ViewNew Sale Notification","09/09/2026 18:29","2026-50246","ALJO CLOTHING SHOP","00000209251","PC ALLEY CALAMBA LAGUNA","Paid","Cash","Php 1,400.000","Php 1,400.000","Php 0.000","","","2.00","cashier calamba","","",""
"ActionsToggle Dropdown ViewNew Sale Notification","09/09/2026 18:25","2026-50245","Arvin Buslon","***********","PC ALLEY CALAMBA LAGUNA","Paid","Cash","Php 4,300.000","Php 4,300.000","Php 0.000","","","1.00","cashier calamba","","",""
"ActionsToggle Dropdown ViewNew Sale Notification","09/09/2026 17:51","2026-50240","REYHAN SALVADOR","09358236404","PC ALLEY CALAMBA LAGUNA","Paid","Cash","Php 3,300.000","Php 3,300.000","Php 0.000","","","2.00","cashier calamba","","",""
"ActionsToggle Dropdown ViewNew Sale Notification","09/09/2026 15:05","2026-50230","LAGUNA CARPARTS MFG., INC,","232-495-196-000","PC ALLEY CALAMBA LAGUNA","Paid","Cash","Php 8,919.640","Php 8,919.640","Php 0.000","","","1.00","cashier calamba","","",""
"ActionsToggle Dropdown ViewNew Sale Notification","09/09/2026 14:08","2026-50220","LEAN COLLIN VILLANUEVA","09380486488","PC ALLEY CALAMBA LAGUNA","Paid","Cash","Php 4,000.000","Php 4,000.000","Php 0.000","","","1.00","cashier calamba","","",""
"ActionsToggle Dropdown ViewNew Sale Notification","09/09/2026 14:00","2026-50215","LITO CORONEL","09209549578","PC ALLEY CALAMBA LAGUNA","Paid","Cash","Php 4,200.000","Php 4,200.000","Php 0.000","","","2.00","cashier calamba","","",""
"ActionsToggle Dropdown ViewNew Sale Notification","09/09/2026 10:51","2026-50243","MTE TECHNOLOGY","09953654015","PC ALLEY CALAMBA LAGUNA","Paid","Cash","Php 108,895.050","Php 108,895.050","Php 0.000","","","8.00","cashier calamba","","",""
"ActionsToggle Dropdown ViewNew Sale Notification","09/08/2026 18:25","2026-50194","SIEGMUND VALDEMORO","09260688531","PC ALLEY CALAMBA LAGUNA","Paid","Cash","Php 9,200.000","Php 9,200.000","Php 0.000","","","2.00","cashier calamba","","",""
"ActionsToggle Dropdown ViewNew Sale Notification","09/08/2026 17:43","2026-50192","NINETTE OBISPO","09935583103","PC ALLEY CALAMBA LAGUNA","Paid","Cash","Php 600.000","Php 600.000","Php 0.000","","","1.00","cashier calamba","","",""
"ActionsToggle Dropdown ViewNew Sale Notification","09/08/2026 17:07","2026-50176","FIDEL ROBLANDO","09089805829","PC ALLEY CALAMBA LAGUNA","Paid","Cash","Php 200.000","Php 200.000","Php 0.000","","","1.00","cashier calamba","","",""
"ActionsToggle Dropdown ViewNew Sale Notification","09/08/2026 15:22","2026-50172","MARK JASON LATOSA","09707680959","PC ALLEY CALAMBA LAGUNA","Paid","Cash","Php 500.000","Php 500.000","Php 0.000","","","1.00","cashier calamba","","",""
"ActionsToggle Dropdown ViewNew Sale Notification","09/08/2026 14:17","2026-50164","Walk-In Customer","","PC ALLEY CALAMBA LAGUNA","Paid","Cash","Php 150.000","Php 150.000","Php 0.000","","","1.00","cashier calamba","","",""
"ActionsToggle Dropdown ViewNew Sale Notification","09/08/2026 14:14","2026-50160","PACIFIC SYNERGY FOOD AND BEVERAGE CORP.","09993452031","PC ALLEY CALAMBA LAGUNA","Paid","Cash","Php 5,100.000","Php 5,100.000","Php 0.000","","","1.00","cashier calamba","","",""
"ActionsToggle Dropdown ViewNew Sale Notification","09/08/2026 14:01","2026-50158","RODWIN MICOSA / Rhea Aldeen Porteria","09495933140","PC ALLEY CALAMBA LAGUNA","Paid","Cash","Php 36,740.000","Php 36,740.000","Php 0.000","","","15.00","cashier calamba","","",""
"ActionsToggle Dropdown ViewNew Sale Notification","09/08/2026 12:00","2026-50159","RYAN GARCIA","00021","PC ALLEY CALAMBA LAGUNA","Paid","Cash","Php 12,700.000","Php 12,700.000","Php 0.000","","","1.00","cashier calamba","","",""
"ActionsToggle Dropdown ViewNew Sale Notification","09/08/2026 12:00","2026-50181","MAM'S CCTV SECURITY AND IT SOLUTIONS CORPORATION","09171033345","PC ALLEY CALAMBA LAGUNA","Paid","Cash","Php 86,985.000","Php 86,985.000","Php 0.000","","","5.00","cashier calamba","","",""
"ActionsToggle Dropdown ViewNew Sale Notification","09/08/2026 10:28","2026-50131","ELISIO RIMAS","09185039736","PC ALLEY CALAMBA LAGUNA","Paid","Cash","Php 600.000","Php 600.000","Php 0.000","","","1.00","cashier calamba","","",""
"ActionsToggle Dropdown ViewNew Sale Notification","09/08/2026 10:23","2026-50130","MARTIN","09468385292","PC ALLEY CALAMBA LAGUNA","Paid","Cash","Php 3,700.000","Php 3,700.000","Php 0.000","","","1.00","cashier calamba","","",""
"ActionsToggle Dropdown ViewNew Sale Notification","09/30/2026 18:44","2026-51566","Walk-In Customer","","PC ALLEY STA.CRUZ LAGUNA","Paid","Cash","Php 1,050.000","Php 1,050.000","Php 0.000","","","3.00","cashier sta.cruz","","",""
"ActionsToggle Dropdown ViewNew Sale Notification","09/30/2026 17:39","2026-51556","Walk-In Customer","","PC ALLEY STA.CRUZ LAGUNA","Paid","Cash","Php 650.000","Php 650.000","Php 0.000","","","1.00","cashier sta.cruz","","",""
"ActionsToggle Dropdown ViewNew Sale Notification","09/30/2026 17:32","2026-51555","GILBERT BAET","09467000714","PC ALLEY STA.CRUZ LAGUNA","Paid","Cash","Php 5,750.000","Php 5,750.000","Php 0.000","","","1.00","cashier sta.cruz","","",""
"ActionsToggle Dropdown ViewNew Sale Notification","09/30/2026 17:28","2026-51553","LEVI MENDOZA","09369412707","PC ALLEY STA.CRUZ LAGUNA","Paid","Cash","Php 9,050.000","Php 9,050.000","Php 0.000","","","1.00","cashier sta.cruz","","",""
"ActionsToggle Dropdown ViewNew Sale Notification","09/30/2026 17:14","2026-51550","NIKKO JAY BROSAS","09162239930","PC ALLEY STA.CRUZ LAGUNA","Paid","Cash","Php 25,990.000","Php 25,990.000","Php 0.000","","","12.00","cashier sta.cruz","","",""
"ActionsToggle Dropdown ViewNew Sale Notification","09/30/2026 16:56","2026-51545","EDMAR FERRER","09508043662","PC ALLEY STA.CRUZ LAGUNA","Paid","Cash","Php 850.000","Php 850.000","Php 0.000","","","2.00","cashier sta.cruz","","",""
"ActionsToggle Dropdown ViewNew Sale Notification","09/30/2026 15:40","2026-51537","Rogelio Cadiz","09776095270","PC ALLEY STA.CRUZ LAGUNA","Paid","Cash","Php 23,700.000","Php 23,700.000","Php 0.000","","","3.00","cashier sta.cruz","","",""
"ActionsToggle Dropdown ViewNew Sale Notification","09/30/2026 14:56","2026-51535","ROY VINCENT RIVERA","0966-603-5043","PC ALLEY STA.CRUZ LAGUNA","Paid","Cash","Php 6,250.000","Php 6,250.000","Php 0.000","","","3.00","cashier sta.cruz","","",""
"ActionsToggle Dropdown ViewNew Sale Notification","09/30/2026 14:54","2026-51534","Walk-In Customer","","PC ALLEY STA.CRUZ LAGUNA","Paid","Cash","Php 1,200.000","Php 1,200.000","Php 0.000","","","1.00","cashier sta.cruz","","",""
"ActionsToggle Dropdown ViewNew Sale Notification","09/30/2026 13:40","2026-51522","ANGELO NAPOLIS","09350711439","PC ALLEY STA.CRUZ LAGUNA","Paid","Cash","Php 500.000","Php 500.000","Php 0.000","","","1.00","cashier sta.cruz","","",""
"ActionsToggle Dropdown ViewNew Sale Notification","09/30/2026 12:15","2026-51521","MARCK VINCE DALUSONG","09951137210","PC ALLEY STA.CRUZ LAGUNA","Paid","Cash","Php 29,995.000","Php 29,995.000","Php 0.000","","","16.00","cashier sta.cruz","","",""
"ActionsToggle Dropdown ViewNew Sale Notification","09/29/2026 18:03","2026-51505","JAMES Remillion","09124033265","PC ALLEY STA.CRUZ LAGUNA","Paid","Cash","Php 4,000.000","Php 4,000.000","Php 0.000","","","2.00","cashier sta.cruz","","",""
"ActionsToggle Dropdown ViewNew Sale Notification","09/29/2026 17:50","2026-51501","Walk-In Customer","","PC ALLEY STA.CRUZ LAGUNA","Paid","Cash","Php 1,050.000","Php 1,050.000","Php 0.000","","","3.00","cashier sta.cruz","","",""
"ActionsToggle Dropdown ViewNew Sale Notification","09/29/2026 16:49","2026-51495","Arjay tobias","09654084459","PC ALLEY STA.CRUZ LAGUNA","Paid","Cash","Php 3,800.000","Php 3,800.000","Php 0.000","","","3.00","cashier sta.cruz","","",""
"ActionsToggle Dropdown ViewNew Sale Notification","09/29/2026 14:47","2026-51499","Walk-In Customer","","PC ALLEY STA.CRUZ LAGUNA","Paid","Cash","Php 150.000","Php 150.000","Php 0.000","","","1.00","cashier sta.cruz","","",""
"ActionsToggle Dropdown ViewNew Sale Notification","09/29/2026 12:17","2026-51475","BERISU OFFICE AND SCHOOL SUPPLIES,","09940936425","PC ALLEY STA.CRUZ LAGUNA","Paid","Cash","Php 90,440.000","Php 90,440.000","Php 0.000","","","22.00","cashier sta.cruz","","",""
"ActionsToggle Dropdown ViewNew Sale Notification","09/28/2026 17:10","2026-51415","HEALTHCARE SPECIALIST AND RENAL CENTER INC.,","09064441231","PC ALLEY STA.CRUZ LAGUNA","Paid","Cash","Php 59,690.000","Php 59,690.000","Php 0.000","","","5.00","cashier sta.cruz","","",""
"ActionsToggle Dropdown ViewNew Sale Notification","09/28/2026 16:30","2026-51401","Walk-In Customer","","PC ALLEY STA.CRUZ LAGUNA","Paid","Cash","Php 600.000","Php 600.000","Php 0.000","","","1.00","cashier sta.cruz","","",""
"ActionsToggle Dropdown ViewNew Sale Notification","09/28/2026 15:24","2026-51395","JOHN PAUL SANTIAGO","09663146333","PC ALLEY STA.CRUZ LAGUNA","Paid","Cash","Php 2,150.000","Php 2,150.000","Php 0.000","","","2.00","cashier sta.cruz","","",""
"ActionsToggle Dropdown ViewNew Sale Notification","09/28/2026 14:58","2026-51392","AVEGAIL SORIANO","09071041618","PC ALLEY STA.CRUZ LAGUNA","Paid","Cash","Php 2,800.000","Php 2,800.000","Php 0.000","","","3.00","cashier sta.cruz","","",""
"ActionsToggle Dropdown ViewNew Sale Notification","09/28/2026 10:55","2026-51400","Walk-In Customer","","PC ALLEY STA.CRUZ LAGUNA","Paid","Cash","Php 380.000","Php 380.000","Php 0.000","","","1.00","cashier sta.cruz","","",""
"ActionsToggle Dropdown ViewNew Sale Notification","09/27/2026 18:36","2026-51366","FELECITAS OLIQUINO","09067163911","PC ALLEY STA.CRUZ LAGUNA","Paid","Cash","Php 5,750.000","Php 5,750.000","Php 0.000","","","1.00","cashier sta.cruz","","",""
"ActionsToggle Dropdown ViewNew Sale Notification","09/27/2026 17:55","2026-51361","Walk-In Customer","","PC ALLEY STA.CRUZ LAGUNA","Paid","Cash","Php 250.000","Php 250.000","Php 0.000","","","1.00","cashier sta.cruz","","",""
"ActionsToggle Dropdown ViewNew Sale Notification","09/27/2026 17:36","2026-51353","Aljhon Reyes","09464601077","PC ALLEY STA.CRUZ LAGUNA","Paid","Cash","Php 3,900.000","Php 3,900.000","Php 0.000","","","1.00","cashier sta.cruz","","",""
"ActionsToggle Dropdown ViewNew Sale Notification","09/27/2026 17:01","2026-51342","RUDY BORGONOS","09354644914","PC ALLEY STA.CRUZ LAGUNA","Paid","Cash","Php 24,395.000","Php 24,395.000","Php 0.000","","","13.00","cashier sta.cruz","","",""
"ActionsToggle Dropdown ViewNew Sale Notification","09/27/2026 16:26","2026-51326","Walk-In Customer","","PC ALLEY STA.CRUZ LAGUNA","Paid","Cash","Php 400.000","Php 400.000","Php 0.000","","","1.00","cashier sta.cruz","","",""
"ActionsToggle Dropdown ViewNew Sale Notification","09/27/2026 16:26","2026-51327","SARAH DUNGAN","09101512952","PC ALLEY STA.CRUZ LAGUNA","Paid","Cash","Php 9,050.000","Php 9,050.000","Php 0.000","","","1.00","cashier sta.cruz","","",""
"ActionsToggle Dropdown ViewNew Sale Notification","09/27/2026 16:12","2026-51334","LOURDES MOJICA","09387056134","PC ALLEY STA.CRUZ LAGUNA","Paid","Cash","Php 28,550.000","Php 28,550.000","Php 0.000","","","12.00","cashier sta.cruz","","",""
"ActionsToggle Dropdown ViewNew Sale Notification","09/27/2026 12:40","2026-51301","ROWENA DEL ROSARIO","09604524581","PC ALLEY STA.CRUZ LAGUNA","Paid","Cash","Php 5,750.000","Php 5,750.000","Php 0.000","","","1.00","cashier sta.cruz","","",""
"ActionsToggle Dropdown ViewNew Sale Notification","09/27/2026 10:24","2026-51291","Mark Angelo Holgado","09499633209","PC ALLEY STA.CRUZ LAGUNA","Paid","Cash","Php 10,700.000","Php 10,700.000","Php 0.000","","","3.00","cashier sta.cruz","","",""
"ActionsToggle Dropdown ViewNew Sale Notification","09/27/2026 10:15","2026-51313","CAROLINA DACDAC","09765023669","PC ALLEY STA.CRUZ LAGUNA","Paid","Cash","Php 24,950.000","Php 24,950.000","Php 0.000","","","14.00","cashier sta.cruz","","",""
"ActionsToggle Dropdown ViewNew Sale Notification","09/26/2026 16:44","2026-51270","LAX ERWINDOLF REYES ROMERO","09813026529","PC ALLEY STA.CRUZ LAGUNA","Paid","Cash","Php 850.000","Php 850.000","Php 0.000","","","1.00","cashier sta.cruz","","",""
"ActionsToggle Dropdown ViewNew Sale Notification","09/26/2026 14:15","2026-51248","MARK ANTHONY","09177836703","PC ALLEY STA.CRUZ LAGUNA","Paid","Cash","Php 2,100.000","Php 2,100.000","Php 0.000","","","1.00","cashier sta.cruz","","",""
"ActionsToggle Dropdown ViewNew Sale Notification","09/26/2026 14:02","2026-51253","ALLEYAH BULLOSLOS","0999-812-1604","PC ALLEY STA.CRUZ LAGUNA","Paid","Cash","Php 31,995.000","Php 31,995.000","Php 0.000","","","5.00","cashier sta.cruz","","",""
"ActionsToggle Dropdown ViewNew Sale Notification","09/26/2026 10:00","2026-51235","Ivan Gabriel R. Perez","09500645902","PC ALLEY STA.CRUZ LAGUNA","Paid","Cash","Php 28,450.000","Php 28,450.000","Php 0.000","","","13.00","cashier sta.cruz","","",""
"ActionsToggle Dropdown ViewNew Sale Notification","09/25/2026 14:09","2026-51209","SANDRO LUBUGUIN","09106926991","PC ALLEY STA.CRUZ LAGUNA","Paid","Cash","Php 26,995.000","Php 26,995.000","Php 0.000","","","4.00","cashier sta.cruz","","",""
"ActionsToggle Dropdown ViewNew Sale Notification","09/25/2026 14:08","2026-51208","Walk-In Customer","","PC ALLEY STA.CRUZ LAGUNA","Paid","Cash","Php 500.000","Php 500.000","Php 0.000","","","1.00","cashier sta.cruz","","",""
"ActionsToggle Dropdown ViewNew Sale Notification","09/25/2026 13:57","2026-51207","APRIME CREDIT CORP.,","09190693110","PC ALLEY STA.CRUZ LAGUNA","Paid","Cash","Php 269,500.000","Php 269,500.000","Php 0.000","","","10.00","cashier sta.cruz","","",""
"ActionsToggle Dropdown ViewNew Sale Notification","09/25/2026 13:22","2026-51206","Brgy. Bangco Cavinti,","09637058037","PC ALLEY STA.CRUZ LAGUNA","Paid","Cash","Php 50,823.210","Php 50,823.210","Php 0.000","","","5.00","cashier sta.cruz","","",""
"ActionsToggle Dropdown ViewNew Sale Notification","09/25/2026 11:33","2026-51202","Pedro Guevara Memorial National High School, Pedro Guevara Memorial National High School","00009252026","PC ALLEY STA.CRUZ LAGUNA","Paid","Cash","Php 21,790.000","Php 21,790.000","Php 0.000","","","8.00","cashier sta.cruz","","",""
"ActionsToggle Dropdown ViewNew Sale Notification","09/25/2026 10:05","2026-51196","CHARIZZA LEGISMA","0926604822","PC ALLEY STA.CRUZ LAGUNA","Paid","Cash","Php 27,000.000","Php 27,000.000","Php 0.000","","","1.00","cashier sta.cruz","","",""
"ActionsToggle Dropdown ViewNew Sale Notification","09/24/2026 17:46","2026-51183","Walk-In Customer","","PC ALLEY STA.CRUZ LAGUNA","Paid","Cash","Php 50.000","Php 50.000","Php 0.000","","","1.00","cashier sta.cruz","","",""
"ActionsToggle Dropdown ViewNew Sale Notification","09/24/2026 17:10","2026-51179","Walk-In Customer","","PC ALLEY STA.CRUZ LAGUNA","Paid","Cash","Php 250.000","Php 250.000","Php 0.000","","","1.00","cashier sta.cruz","","",""
"ActionsToggle Dropdown ViewNew Sale Notification","09/24/2026 16:34","2026-51178","Jan Kenneth M Altarez Jr.","09171325384","PC ALLEY STA.CRUZ LAGUNA","Paid","Cash","Php 20,995.000","Php 20,995.000","Php 0.000","","","13.00","cashier sta.cruz","","",""
"ActionsToggle Dropdown ViewNew Sale Notification","09/24/2026 14:51","2026-51158","Redentor Villanueva","09281983109","PC ALLEY STA.CRUZ LAGUNA","Paid","Cash","Php 2,900.000","Php 2,900.000","Php 0.000","","","1.00","cashier sta.cruz","","",""
"ActionsToggle Dropdown ViewNew Sale Notification","09/24/2026 13:18","2026-51156","Asiramm Carpio","09073146183","PC ALLEY STA.CRUZ LAGUNA","Paid","Cash","Php 5,750.000","Php 5,750.000","Php 0.000","","","1.00","cashier sta.cruz","","",""
"ActionsToggle Dropdown ViewNew Sale Notification","09/24/2026 13:13","2026-51150","Walk-In Customer","","PC ALLEY STA.CRUZ LAGUNA","Paid","Cash","Php 1,650.000","Php 1,650.000","Php 0.000","","","1.00","cashier sta.cruz","","",""
"ActionsToggle Dropdown ViewNew Sale Notification","09/24/2026 10:08","2026-51148","RHEA BERNARDINO","0967 390 5506","PC ALLEY STA.CRUZ LAGUNA","Paid","Cash","Php 15,450.000","Php 15,450.000","Php 0.000","","","11.00","cashier sta.cruz","","",""
"ActionsToggle Dropdown ViewNew Sale Notification","09/23/2026 16:33","2026-51137","Walk-In Customer","","PC ALLEY STA.CRUZ LAGUNA","Paid","Cash","Php 0.000","Php 0.000","Php 0.000","","","1.00","cashier sta.cruz","","",""
"ActionsToggle Dropdown ViewNew Sale Notification","09/23/2026 15:52","2026-51116","FRANCIS INDIAN","09614241745","PC ALLEY STA.CRUZ LAGUNA","Paid","Cash","Php 39,795.000","Php 39,795.000","Php 0.000","","","4.00","cashier sta.cruz","","",""
"ActionsToggle Dropdown ViewNew Sale Notification","09/23/2026 15:15","2026-51109","MAYBELLE NAUPO","09303038098","PC ALLEY STA.CRUZ LAGUNA","Paid","Cash","Php 2,100.000","Php 2,100.000","Php 0.000","","","1.00","cashier sta.cruz","","",""
"ActionsToggle Dropdown ViewNew Sale Notification","09/23/2026 15:15","2026-51114","ROBERT JHON M. VILLEGAS","0995-109-3343","PC ALLEY STA.CRUZ LAGUNA","Paid","Cash","Php 6,200.000","Php 6,200.000","Php 0.000","","","1.00","cashier sta.cruz","","",""
"ActionsToggle Dropdown ViewNew Sale Notification","09/23/2026 14:56","2026-51106","ANNALYN B. TAN","09605774013","PC ALLEY STA.CRUZ LAGUNA","Paid","Cash","Php 15,450.000","Php 15,450.000","Php 0.000","","","12.00","cashier sta.cruz","","",""
"ActionsToggle Dropdown ViewNew Sale Notification","09/23/2026 13:48","2026-51098","Walk-In Customer","","PC ALLEY STA.CRUZ LAGUNA","Paid","Cash","Php 650.000","Php 650.000","Php 0.000","","","1.00","cashier sta.cruz","","",""
"ActionsToggle Dropdown ViewNew Sale Notification","09/23/2026 11:29","2026-51086","Walk-In Customer","","PC ALLEY STA.CRUZ LAGUNA","Paid","Cash","Php 380.000","Php 380.000","Php 0.000","","","1.00","cashier sta.cruz","","",""
"ActionsToggle Dropdown ViewNew Sale Notification","09/22/2026 18:46","2026-51080","REINAN JAN EVASCO","099525650198","PC ALLEY STA.CRUZ LAGUNA","Paid","Cash","Php 49,995.000","Php 49,995.000","Php 0.000","","","4.00","cashier sta.cruz","","",""
"ActionsToggle Dropdown ViewNew Sale Notification","09/22/2026 18:16","2026-51075","Walk-In Customer","","PC ALLEY STA.CRUZ LAGUNA","Paid","Cash","Php 250.000","Php 250.000","Php 0.000","","","1.00","cashier sta.cruz","","",""
"ActionsToggle Dropdown ViewNew Sale Notification","09/22/2026 17:52","2026-51071","SUZETTE PATINO","09672986589","PC ALLEY STA.CRUZ LAGUNA","Paid","Cash","Php 47,995.000","Php 47,995.000","Php 0.000","","","4.00","cashier sta.cruz","","",""
"ActionsToggle Dropdown ViewNew Sale Notification","09/22/2026 17:51","2026-51069","Walk-In Customer","","PC ALLEY STA.CRUZ LAGUNA","Paid","Cash","Php 650.000","Php 650.000","Php 0.000","","","1.00","cashier sta.cruz","","",""
"ActionsToggle Dropdown ViewNew Sale Notification","09/22/2026 17:10","2026-51062","James Micah El C. Sopena","09937273377","PC ALLEY STA.CRUZ LAGUNA","Paid","Cash","Php 2,900.000","Php 2,900.000","Php 0.000","","","1.00","cashier sta.cruz","","",""
"ActionsToggle Dropdown ViewNew Sale Notification","09/22/2026 16:35","2026-51060","Claudette Ortañez","09217596182","PC ALLEY STA.CRUZ LAGUNA","Paid","Cash","Php 18,450.000","Php 18,450.000","Php 0.000","","","12.00","cashier sta.cruz","","",""
"ActionsToggle Dropdown ViewNew Sale Notification","09/22/2026 16:20","2026-51057","Jayson bautista","09351139839","PC ALLEY STA.CRUZ LAGUNA","Paid","Cash","Php 4,500.000","Php 4,500.000","Php 0.000","","","1.00","cashier sta.cruz","","",""
"ActionsToggle Dropdown ViewNew Sale Notification","09/22/2026 16:08","2026-51053","Walk-In Customer","","PC ALLEY STA.CRUZ LAGUNA","Paid","Cash","Php 300.000","Php 300.000","Php 0.000","","","1.00","cashier sta.cruz","","",""
"ActionsToggle Dropdown ViewNew Sale Notification","09/22/2026 15:43","2026-51052","May Chung","09663342552","PC ALLEY STA.CRUZ LAGUNA","Paid","Cash","Php 15,150.000","Php 15,150.000","Php 0.000","","","6.00","cashier sta.cruz","","",""
"ActionsToggle Dropdown ViewNew Sale Notification","09/22/2026 10:11","2026-51044","CHARIZZA LEGISMA","09165412747","PC ALLEY STA.CRUZ LAGUNA","Paid","Cash","Php 59,850.000","Php 59,850.000","Php 0.000","","","13.00","cashier sta.cruz","","",""
"ActionsToggle Dropdown ViewNew Sale Notification","09/22/2026 10:01","2026-51037","Redentor Villanueva","09281983109","PC ALLEY STA.CRUZ LAGUNA","Paid","Cash","Php 3,500.000","Php 3,500.000","Php 0.000","","","1.00","cashier sta.cruz","","",""
"ActionsToggle Dropdown ViewNew Sale Notification","09/21/2026 15:47","2026-51009","A3 & JEM GENERAL ENTERPRISES","09277980386","PC ALLEY STA.CRUZ LAGUNA","Paid","Cash","Php 31,990.000","Php 31,990.000","Php 0.000","","","15.00","cashier sta.cruz","","",""
"ActionsToggle Dropdown ViewNew Sale Notification","09/21/2026 13:49","2026-51002","Walk-In Customer","","PC ALLEY STA.CRUZ LAGUNA","Paid","Cash","Php 120.000","Php 120.000","Php 0.000","","","1.00","cashier sta.cruz","","",""
"ActionsToggle Dropdown ViewNew Sale Notification","09/21/2026 13:11","2026-50991","JAMES ANGELO JAIME","09106926120","PC ALLEY STA.CRUZ LAGUNA","Paid","Cash","Php 3,300.000","Php 3,300.000","Php 0.000","","","1.00","cashier sta.cruz","","",""
"ActionsToggle Dropdown ViewNew Sale Notification","09/21/2026 12:25","2026-50989","demlyn silang","09613453998","PC ALLEY STA.CRUZ LAGUNA","Paid","Cash","Php 44,995.000","Php 44,995.000","Php 0.000","","","15.00","cashier sta.cruz","","",""
"ActionsToggle Dropdown ViewNew Sale Notification","09/21/2026 09:54","2026-50984","Walk-In Customer","","PC ALLEY STA.CRUZ LAGUNA","Paid","Cash","Php 250.000","Php 250.000","Php 0.000","","","1.00","cashier sta.cruz","","",""
"ActionsToggle Dropdown ViewNew Sale Notification","09/20/2026 18:28","2026-50974","ARLENE PASCO","09150645804","PC ALLEY STA.CRUZ LAGUNA","Paid","Cash","Php 26,945.000","Php 26,945.000","Php 0.000","","","3.00","cashier sta.cruz","","",""
"ActionsToggle Dropdown ViewNew Sale Notification","09/20/2026 18:14","2026-50970","Walk-In Customer","","PC ALLEY STA.CRUZ LAGUNA","Paid","Cash","Php 650.000","Php 650.000","Php 0.000","","","1.00","cashier sta.cruz","","",""
"ActionsToggle Dropdown ViewNew Sale Notification","09/20/2026 16:30","2026-50953","MARY ANN BASCO","09663782921","PC ALLEY STA.CRUZ LAGUNA","Paid","Cash","Php 50,995.000","Php 50,995.000","Php 0.000","","","4.00","cashier sta.cruz","","",""
"ActionsToggle Dropdown ViewNew Sale Notification","09/20/2026 14:17","2026-50944","WILSON APUNDAR","0915 648 3467","PC ALLEY STA.CRUZ LAGUNA","Paid","Cash","Php 5,350.000","Php 5,350.000","Php 0.000","","","3.00","cashier sta.cruz","","",""
"ActionsToggle Dropdown ViewNew Sale Notification","09/20/2026 09:46","2026-50914","Walk-In Customer","","PC ALLEY STA.CRUZ LAGUNA","Paid","Cash","Php 1,400.000","Php 1,400.000","Php 0.000","","","1.00","cashier sta.cruz","","",""
"ActionsToggle Dropdown ViewNew Sale Notification","09/19/2026 18:10","2026-50899","Justine Sandoval","09386025104","PC ALLEY STA.CRUZ LAGUNA","Paid","Cash","Php 3,600.000","Php 3,600.000","Php 0.000","","","1.00","cashier sta.cruz","","",""
"ActionsToggle Dropdown ViewNew Sale Notification","09/19/2026 16:35","2026-50895","JOHN CARLO A VILLAFLOR","09206974305","PC ALLEY STA.CRUZ LAGUNA","Paid","Cash","Php 1,150.000","Php 1,150.000","Php 0.000","","","1.00","cashier sta.cruz","","",""
"ActionsToggle Dropdown ViewNew Sale Notification","09/19/2026 16:00","2026-50877","Walk-In Customer","","PC ALLEY STA.CRUZ LAGUNA","Paid","Cash","Php 300.000","Php 300.000","Php 0.000","","","1.00","cashier sta.cruz","","",""
"ActionsToggle Dropdown ViewNew Sale Notification","09/19/2026 15:15","2026-50876","AMILRICHIE SENORON","09766536645","PC ALLEY STA.CRUZ LAGUNA","Paid","Cash","Php 2,900.000","Php 2,900.000","Php 0.000","","","2.00","cashier sta.cruz","","",""
"ActionsToggle Dropdown ViewNew Sale Notification","09/19/2026 15:07","2026-50874","THE BRIDGEWATER SCHOOL INC,","09216653526","PC ALLEY STA.CRUZ LAGUNA","Paid","Cash","Php 1,140.000","Php 1,140.000","Php 0.000","","","2.00","cashier sta.cruz","","",""
"ActionsToggle Dropdown ViewNew Sale Notification","09/19/2026 10:29","2026-50872","THE BRIDGEWATER SCHOOL INC,","09216653526","PC ALLEY STA.CRUZ LAGUNA","Paid","Cash","Php 80,250.000","Php 80,250.000","Php 0.000","","","12.00","cashier sta.cruz","","",""
"ActionsToggle Dropdown ViewNew Sale Notification","09/19/2026 10:07","2026-50850","APRIME CREDIT CORP.,","09190693110","PC ALLEY STA.CRUZ LAGUNA","Paid","Cash","Php 500,000.000","Php 500,000.000","Php 0.000","","","8.00","cashier sta.cruz","","",""
"ActionsToggle Dropdown ViewNew Sale Notification","09/18/2026 17:33","2026-50834","JOAN GABRIDO","0960076829","PC ALLEY STA.CRUZ LAGUNA","Paid","Cash","Php 11,450.000","Php 11,450.000","Php 0.000","","","1.00","cashier sta.cruz","","",""
"ActionsToggle Dropdown ViewNew Sale Notification","09/18/2026 16:58","2026-50829","BRG MASIIT,","09751480746","PC ALLEY STA.CRUZ LAGUNA","Paid","Cash","Php 73,990.000","Php 73,990.000","Php 0.000","","","8.00","cashier sta.cruz","","",""
"ActionsToggle Dropdown ViewNew Sale Notification","09/18/2026 16:24","2026-50832","BRG MASIIT,","09751480746","PC ALLEY STA.CRUZ LAGUNA","Paid","Cash","Php 26,010.000","Php 26,010.000","Php 0.000","","","16.00","cashier sta.cruz","","",""
"ActionsToggle Dropdown ViewNew Sale Notification","09/18/2026 14:15","2026-50800","DPWH LAGUNA 1ST DISTRICT ENGINEERING OFFICE,","09613875591","PC ALLEY STA.CRUZ LAGUNA","Paid","Cash","Php 4,100.000","Php 4,100.000","Php 0.000","","","1.00","cashier sta.cruz","","",""
"ActionsToggle Dropdown ViewNew Sale Notification","09/18/2026 14:01","2026-50797","Walk-In Customer","","PC ALLEY STA.CRUZ LAGUNA","Paid","Cash","Php 150.000","Php 150.000","Php 0.000","","","1.00","cashier sta.cruz","","",""
"ActionsToggle Dropdown ViewNew Sale Notification","09/18/2026 13:55","2026-50799","MUNICIPALITY OF MAGDALENA,","N/A","PC ALLEY STA.CRUZ LAGUNA","Paid","Cash","Php 71,451.580","Php 71,451.580","Php 0.000","","","13.00","cashier sta.cruz","","",""
"ActionsToggle Dropdown ViewNew Sale Notification","09/18/2026 13:28","2026-50796","Angelo Marasigan saldea","09676235378","PC ALLEY STA.CRUZ LAGUNA","Paid","Cash","Php 20,800.000","Php 20,800.000","Php 0.000","","","5.00","cashier sta.cruz","","",""
"ActionsToggle Dropdown ViewNew Sale Notification","09/18/2026 11:03","2026-50783","HANS","0997-642-0366","PC ALLEY STA.CRUZ LAGUNA","Paid","Cash","Php 1,500.000","Php 1,500.000","Php 0.000","","","1.00","cashier sta.cruz","","",""
"ActionsToggle Dropdown ViewNew Sale Notification","09/18/2026 10:23","2026-50781","AMAZING VIEW RESORT,","09151581746","PC ALLEY STA.CRUZ LAGUNA","Paid","Cash","Php 4,200.000","Php 4,200.000","Php 0.000","","","1.00","cashier sta.cruz","","",""
"ActionsToggle Dropdown ViewNew Sale Notification","09/17/2026 16:00","2026-50748","JAMES Remillion","09124033265","PC ALLEY STA.CRUZ LAGUNA","Paid","Cash","Php 400.000","Php 400.000","Php 0.000","","","1.00","cashier sta.cruz","","",""
"ActionsToggle Dropdown ViewNew Sale Notification","09/17/2026 14:41","2026-50738","JOYCELYN IBANEZ","09304279156","PC ALLEY STA.CRUZ LAGUNA","Paid","Cash","Php 39,795.000","Php 39,795.000","Php 0.000","","","4.00","cashier sta.cruz","","",""
"ActionsToggle Dropdown ViewNew Sale Notification","09/17/2026 13:50","2026-50732","Gee Ann Contante","09126223488","PC ALLEY STA.CRUZ LAGUNA","Paid","Cash","Php 23,550.000","Php 23,550.000","Php 0.000","","","11.00","cashier sta.cruz","","",""
"ActionsToggle Dropdown ViewNew Sale Notification","09/16/2026 14:48","2026-50693","Miko Maki","09622484625","PC ALLEY STA.CRUZ LAGUNA","Paid","Cash","Php 4,500.000","Php 4,500.000","Php 0.000","","","1.00","cashier sta.cruz","","",""
"ActionsToggle Dropdown ViewNew Sale Notification","09/16/2026 14:45","2026-50690","JEFFRY PEDROGOZA","09622190338","PC ALLEY STA.CRUZ LAGUNA","Paid","Cash","Php 1,500.000","Php 1,500.000","Php 0.000","","","1.00","cashier sta.cruz","","",""
"ActionsToggle Dropdown ViewNew Sale Notification","09/16/2026 12:25","2026-50688","JACKYLYN JUAREZ","09308616487","PC ALLEY STA.CRUZ LAGUNA","Paid","Cash","Php 9,450.000","Php 9,450.000","Php 0.000","","","1.00","cashier sta.cruz","","",""
"ActionsToggle Dropdown ViewNew Sale Notification","09/16/2026 11:03","2026-50674","celerino pamirez","09460945204","PC ALLEY STA.CRUZ LAGUNA","Paid","Cash","Php 4,800.000","Php 4,800.000","Php 0.000","","","1.00","cashier sta.cruz","","",""
"ActionsToggle Dropdown ViewNew Sale Notification","09/15/2026 18:21","2026-50662","Walk-In Customer","","PC ALLEY STA.CRUZ LAGUNA","Paid","Cash","Php 400.000","Php 400.000","Php 0.000","","","1.00","cashier sta.cruz","","",""
"ActionsToggle Dropdown ViewNew Sale Notification","09/15/2026 15:21","2026-50649","BRGY ALIPIT,","09122708627","PC ALLEY STA.CRUZ LAGUNA","Paid","Cash","Php 10,500.000","Php 10,500.000","Php 0.000","","","1.00","cashier sta.cruz","","",""
"ActionsToggle Dropdown ViewNew Sale Notification","09/15/2026 14:57","2026-50640","Walk-In Customer","","PC ALLEY STA.CRUZ LAGUNA","Paid","Cash","Php 450.000","Php 450.000","Php 0.000","","","1.00","cashier sta.cruz","","",""
"ActionsToggle Dropdown ViewNew Sale Notification","09/15/2026 14:29","2026-50628","mary ann calleja","09663268353","PC ALLEY STA.CRUZ LAGUNA","Paid","Cash","Php 3,950.000","Php 3,950.000","Php 0.000","","","3.00","cashier sta.cruz","","",""
"ActionsToggle Dropdown ViewNew Sale Notification","09/15/2026 10:17","2026-50637","GIXELLE TAMBOR","0975091308","PC ALLEY STA.CRUZ LAGUNA","Paid","Cash","Php 3,000.000","Php 3,000.000","Php 0.000","","","1.00","cashier sta.cruz","","",""
"ActionsToggle Dropdown ViewNew Sale Notification","09/14/2026 16:19","2026-50575","chen","0976-030-9294","PC ALLEY STA.CRUZ LAGUNA","Paid","Cash","Php 7,000.000","Php 7,000.000","Php 0.000","","","1.00","cashier sta.cruz","","",""
"ActionsToggle Dropdown ViewNew Sale Notification","09/14/2026 15:21","2026-50568","KIMBERLY FADERD ANGCACO","09927830627","PC ALLEY STA.CRUZ LAGUNA","Paid","Cash","Php 47,995.000","Php 47,995.000","Php 0.000","","","4.00","cashier sta.cruz","","",""
"ActionsToggle Dropdown ViewNew Sale Notification","09/14/2026 13:34","2026-50546","MARK","0009","PC ALLEY STA.CRUZ LAGUNA","Paid","Cash","Php 300.000","Php 300.000","Php 0.000","","","1.00","cashier sta.cruz","","",""
"ActionsToggle Dropdown ViewNew Sale Notification","09/14/2026 12:28","2026-50538","JAME MICAHEL","0993-727-3377","PC ALLEY STA.CRUZ LAGUNA","Paid","Cash","Php 1,200.000","Php 1,200.000","Php 0.000","","","1.00","cashier sta.cruz","","",""
"ActionsToggle Dropdown ViewNew Sale Notification","09/14/2026 10:10","2026-50532","Walk-In Customer","","PC ALLEY STA.CRUZ LAGUNA","Paid","Cash","Php 800.000","Php 800.000","Php 0.000","","","1.00","cashier sta.cruz","","",""
"ActionsToggle Dropdown ViewNew Sale Notification","09/14/2026 10:10","2026-50533","Walk-In Customer","","PC ALLEY STA.CRUZ LAGUNA","Paid","Cash","Php 250.000","Php 250.000","Php 0.000","","","1.00","cashier sta.cruz","","",""
"ActionsToggle Dropdown ViewNew Sale Notification","09/13/2026 17:59","2026-50516","ANGELO VILLANGCA","09777920942","PC ALLEY STA.CRUZ LAGUNA","Paid","Cash","Php 10,550.000","Php 10,550.000","Php 0.000","","","1.00","cashier sta.cruz","","",""
"ActionsToggle Dropdown ViewNew Sale Notification","09/13/2026 16:26","2026-50505","ARCHER GROSPE","0909239066","PC ALLEY STA.CRUZ LAGUNA","Paid","Cash","Php 1,600.000","Php 1,600.000","Php 0.000","","","2.00","cashier sta.cruz","","",""
"ActionsToggle Dropdown ViewNew Sale Notification","09/13/2026 16:11","2026-50501","Walk-In Customer","","PC ALLEY STA.CRUZ LAGUNA","Paid","Cash","Php 50.000","Php 50.000","Php 0.000","","","1.00","cashier sta.cruz","","",""
"ActionsToggle Dropdown ViewNew Sale Notification","09/13/2026 14:49","2026-50513","MARISON ALFONSO","09175115425","PC ALLEY STA.CRUZ LAGUNA","Paid","Cash","Php 17,830.000","Php 17,830.000","Php 0.000","","","12.00","cashier sta.cruz","","",""
"ActionsToggle Dropdown ViewNew Sale Notification","09/13/2026 14:14","2026-50476","Walk-In Customer","","PC ALLEY STA.CRUZ LAGUNA","Paid","Cash","Php 1,400.000","Php 1,400.000","Php 0.000","","","1.00","cashier sta.cruz","","",""
"ActionsToggle Dropdown ViewNew Sale Notification","09/13/2026 12:20","2026-50475","Aldrin Acuesta","09604368950","PC ALLEY STA.CRUZ LAGUNA","Paid","Cash","Php 8,800.000","Php 8,800.000","Php 0.000","","","3.00","cashier sta.cruz","","",""
"ActionsToggle Dropdown ViewNew Sale Notification","09/13/2026 10:36","2026-50469","Walk-In Customer","","PC ALLEY STA.CRUZ LAGUNA","Paid","Cash","Php 400.000","Php 400.000","Php 0.000","","","1.00","cashier sta.cruz","","",""
"ActionsToggle Dropdown ViewNew Sale Notification","09/12/2026 18:34","2026-50446","EL NOAH MILLARE","09152312861","PC ALLEY STA.CRUZ LAGUNA","Paid","Cash","Php 19,000.000","Php 19,000.000","Php 0.000","","","7.00","cashier sta.cruz","","",""
"ActionsToggle Dropdown ViewNew Sale Notification","09/12/2026 18:24","2026-50444","Jay-ar Saet","09674264589","PC ALLEY STA.CRUZ LAGUNA","Paid","Cash","Php 34,969.000","Php 34,969.000","Php 0.000","","","13.00","cashier sta.cruz","","",""
"ActionsToggle Dropdown ViewNew Sale Notification","09/12/2026 18:03","2026-50437","AL GAPUD","09278749099","PC ALLEY STA.CRUZ LAGUNA","Paid","Cash","Php 47,995.000","Php 47,995.000","Php 0.000","","","4.00","cashier sta.cruz","","",""
"ActionsToggle Dropdown ViewNew Sale Notification","09/12/2026 17:09","2026-50421","AIDA SANTOS","09171456143","PC ALLEY STA.CRUZ LAGUNA","Paid","Cash","Php 17,000.000","Php 17,000.000","Php 0.000","","","1.00","cashier sta.cruz","","",""
"ActionsToggle Dropdown ViewNew Sale Notification","09/12/2026 16:30","2026-50423","Marcus Ariate","09754148832","PC ALLEY STA.CRUZ LAGUNA","Paid","Cash","Php 18,450.000","Php 18,450.000","Php 0.000","","","11.00","cashier sta.cruz","","",""
"ActionsToggle Dropdown ViewNew Sale Notification","09/12/2026 15:16","2026-50431","Arlene Ciriaco","09266186886","PC ALLEY STA.CRUZ LAGUNA","Paid","Cash","Php 18,800.000","Php 18,800.000","Php 0.000","","","12.00","cashier sta.cruz","","",""
"ActionsToggle Dropdown ViewNew Sale Notification","09/12/2026 12:28","2026-50385","JOHN DARYLL CASANAS","09455609611","PC ALLEY STA.CRUZ LAGUNA","Paid","Cash","Php 400.000","Php 400.000","Php 0.000","","","1.00","cashier sta.cruz","","",""
"ActionsToggle Dropdown ViewNew Sale Notification","09/12/2026 11:08","2026-50383","MARC XAVIER MAGCALAS","09162410190","PC ALLEY STA.CRUZ LAGUNA","Paid","Cash","Php 4,400.000","Php 4,400.000","Php 0.000","","","1.00","cashier sta.cruz","","",""
"ActionsToggle Dropdown ViewNew Sale Notification","09/12/2026 11:05","2026-50378","Walk-In Customer","","PC ALLEY STA.CRUZ LAGUNA","Paid","Cash","Php 600.000","Php 600.000","Php 0.000","","","1.00","cashier sta.cruz","","",""
"ActionsToggle Dropdown ViewNew Sale Notification","09/12/2026 10:04","2026-50419","APOLLO ACZON AGUILAR","09989570870","PC ALLEY STA.CRUZ LAGUNA","Paid","Cash","Php 17,495.000","Php 17,495.000","Php 0.000","","","2.00","cashier sta.cruz","","",""
"ActionsToggle Dropdown ViewNew Sale Notification","09/11/2026 18:17","2026-50366","JAY ALFONSO","09503875075","PC ALLEY STA.CRUZ LAGUNA","Paid","Cash","Php 1,700.000","Php 1,700.000","Php 0.000","","","1.00","cashier sta.cruz","","",""
"ActionsToggle Dropdown ViewNew Sale Notification","09/11/2026 17:37","2026-50358","Walk-In Customer","","PC ALLEY STA.CRUZ LAGUNA","Paid","Cash","Php 1,100.000","Php 1,100.000","Php 0.000","","","1.00","cashier sta.cruz","","",""
"ActionsToggle Dropdown ViewNew Sale Notification","09/11/2026 16:12","2026-50352","MARIA ANGELICA PAGTANANAN","09257439073","PC ALLEY STA.CRUZ LAGUNA","Paid","Cash","Php 600.000","Php 600.000","Php 0.000","","","1.00","cashier sta.cruz","","",""
"ActionsToggle Dropdown ViewNew Sale Notification","09/11/2026 13:56","2026-50344","LENIE MELICIO","09362647436","PC ALLEY STA.CRUZ LAGUNA","Paid","Cash","Php 18,950.000","Php 18,950.000","Php 0.000","","","12.00","cashier sta.cruz","","",""
"ActionsToggle Dropdown ViewNew Sale Notification","09/11/2026 13:42","2026-50327","Marlyn A. Folloso","09077467021","PC ALLEY STA.CRUZ LAGUNA","Paid","Cash","Php 36,495.000","Php 36,495.000","Php 0.000","","","13.00","cashier sta.cruz","","",""
"ActionsToggle Dropdown ViewNew Sale Notification","09/11/2026 12:25","2026-50322","Cristopher Ariño","09282469381","PC ALLEY STA.CRUZ LAGUNA","Paid","Cash","Php 33,495.000","Php 33,495.000","Php 0.000","","","13.00","cashier sta.cruz","","",""
"ActionsToggle Dropdown ViewNew Sale Notification","09/10/2026 17:52","2026-50299","CEDRIC L. BONDOC","09159426843","PC ALLEY STA.CRUZ LAGUNA","Paid","Cash","Php 1,700.000","Php 1,700.000","Php 0.000","","","1.00","cashier sta.cruz","","",""
"ActionsToggle Dropdown ViewNew Sale Notification","09/10/2026 14:20","2026-50297","RONIE C. BANOCNOC","09178970346","PC ALLEY STA.CRUZ LAGUNA","Paid","Cash","Php 64,800.000","Php 64,800.000","Php 0.000","","","15.00","cashier sta.cruz","","",""
"ActionsToggle Dropdown ViewNew Sale Notification","09/10/2026 13:46","2026-50265","KERD CUBACOB","09510090803","PC ALLEY STA.CRUZ LAGUNA","Paid","Cash","Php 700.000","Php 700.000","Php 0.000","","","1.00","cashier sta.cruz","","",""
"ActionsToggle Dropdown ViewNew Sale Notification","09/10/2026 13:42","2026-50264","JAMES LAPINGEAO","09171420870","PC ALLEY STA.CRUZ LAGUNA","Paid","Cash","Php 3,600.000","Php 3,600.000","Php 0.000","","","1.00","cashier sta.cruz","","",""
"ActionsToggle Dropdown ViewNew Sale Notification","09/10/2026 10:02","2026-50254","MUNICIPALITY OF STA.CRUZ,","000009102026","PC ALLEY STA.CRUZ LAGUNA","Paid","Cash","Php 1,950.000","Php 1,950.000","Php 0.000","","","1.00","cashier sta.cruz","","",""
"ActionsToggle Dropdown ViewNew Sale Notification","09/10/2026 09:36","2026-50253","rexel","09950987131","PC ALLEY STA.CRUZ LAGUNA","Paid","Cash","Php 1,500.000","Php 1,500.000","Php 0.000","","","1.00","cashier sta.cruz","","",""
"ActionsToggle Dropdown ViewNew Sale Notification","09/09/2026 18:46","2026-50250","CHARLES CERVITILLO","097629338194","PC ALLEY STA.CRUZ LAGUNA","Paid","Cash","Php 3,050.000","Php 3,050.000","Php 0.000","","","4.00","cashier sta.cruz","","",""
"ActionsToggle Dropdown ViewNew Sale Notification","09/09/2026 18:29","2026-50248","CHARLES CERVITILLO","097629338194","PC ALLEY STA.CRUZ LAGUNA","Paid","Cash","Php 10,000.000","Php 10,000.000","Php 0.000","","","1.00","cashier sta.cruz","","",""
"ActionsToggle Dropdown ViewNew Sale Notification","09/09/2026 15:51","2026-50223","MERIE MANAHAN","09655276515","PC ALLEY STA.CRUZ LAGUNA","Paid","Cash","Php 14,400.000","Php 14,400.000","Php 0.000","","","1.00","cashier sta.cruz","","",""
"ActionsToggle Dropdown ViewNew Sale Notification","09/09/2026 13:21","2026-50206","Walk-In Customer","","PC ALLEY STA.CRUZ LAGUNA","Paid","Cash","Php 150.000","Php 150.000","Php 0.000","","","1.00","cashier sta.cruz","","",""
"ActionsToggle Dropdown ViewNew Sale Notification","09/09/2026 12:11","2026-50204","Ryan Lim","09155282644","PC ALLEY STA.CRUZ LAGUNA","Paid","Cash","Php 4,800.000","Php 4,800.000","Php 0.000","","","1.00","cashier sta.cruz","","",""
"ActionsToggle Dropdown ViewNew Sale Notification","09/08/2026 18:37","2026-50196","James Angelo jayme","09106926120","PC ALLEY STA.CRUZ LAGUNA","Paid","Cash","Php 2,200.000","Php 2,200.000","Php 0.000","","","1.00","cashier sta.cruz","","",""
"ActionsToggle Dropdown ViewNew Sale Notification","09/08/2026 17:21","2026-50185","ZON COMIA","09760912867","PC ALLEY STA.CRUZ LAGUNA","Paid","Cash","Php 10,600.000","Php 10,600.000","Php 0.000","","","5.00","cashier sta.cruz","","",""
"ActionsToggle Dropdown ViewNew Sale Notification","09/08/2026 15:31","2026-50166","VON TORRES","094581900555","PC ALLEY STA.CRUZ LAGUNA","Paid","Cash","Php 1,600.000","Php 1,600.000","Php 0.000","","","2.00","cashier sta.cruz","","",""
"ActionsToggle Dropdown ViewNew Sale Notification","09/08/2026 13:00","2026-50153","EDMAR FERRER","09508043662","PC ALLEY STA.CRUZ LAGUNA","Paid","Cash","Php 36,900.000","Php 36,900.000","Php 0.000","","","11.00","cashier sta.cruz","","",""
"ActionsToggle Dropdown ViewNew Sale Notification","09/08/2026 13:00","2026-50154","SHADDAIL REY","09625296126","PC ALLEY STA.CRUZ LAGUNA","Paid","Cash","Php 500.000","Php 500.000","Php 0.000","","","1.00","cashier sta.cruz","","",""
"ActionsToggle Dropdown ViewNew Sale Notification","09/08/2026 12:39","2026-50144","Justine bryle valdeabella","09387954633","PC ALLEY STA.CRUZ LAGUNA","Paid","Cash","Php 21,950.000","Php 21,950.000","Php 0.000","","","11.00","cashier sta.cruz","","",""
"ActionsToggle Dropdown ViewNew Sale Notification","09/08/2026 12:18","2026-50142","ROJOHN EVANGELISTA","09171373278","PC ALLEY STA.CRUZ LAGUNA","Paid","Cash","Php 50.000","Php 50.000","Php 0.000","","","1.00","cashier sta.cruz","","",""
"ActionsToggle Dropdown ViewNew Sale Notification","09/08/2026 11:53","2026-50143","OWIE RUIZ","09919319060","PC ALLEY STA.CRUZ LAGUNA","Paid","Cash","Php 26,500.000","Php 26,500.000","Php 0.000","","","12.00","cashier sta.cruz","","",""
"ActionsToggle Dropdown ViewNew Sale Notification","09/08/2026 10:51","2026-50138","Walk-In Customer","","PC ALLEY STA.CRUZ LAGUNA","Paid","Cash","Php 950.000","Php 950.000","Php 0.000","","","1.00","cashier sta.cruz","","",""
"ActionsToggle Dropdown ViewNew Sale Notification","09/08/2026 10:17","2026-50133","Walk-In Customer","","PC ALLEY STA.CRUZ LAGUNA","Paid","Cash","Php 1,950.000","Php 1,950.000","Php 0.000","","","2.00","cashier sta.cruz","","",""
